fpr,tpr,threshold
0.0,0.0,inf
0.0,0.0007535795026375283,0.7286956649930307
0.0,0.002260738507912585,0.7264365257583238
0.00021399529210357372,0.002260738507912585,0.7208370715849035
0.00021399529210357372,0.003014318010550113,0.7188414918277236
0.00042799058420714745,0.003014318010550113,0.7179243502656665
0.00042799058420714745,0.0037678975131876413,0.714167536625969
0.0006419858763107211,0.0037678975131876413,0.7138209599931264
0.0006419858763107211,0.0052750565184626974,0.7086974209411518
0.0008559811684142949,0.0052750565184626974,0.7086215935811374
0.0008559811684142949,0.014318010550113038,0.7005893071757006
0.0010699764605178687,0.014318010550113038,0.6999935853402961
0.0010699764605178687,0.015071590052750565,0.6994757193181432
0.0012839717526214422,0.015071590052750565,0.6988750708051517
0.0012839717526214422,0.01808590806330068,0.6946902150552979
0.001497967044725016,0.01808590806330068,0.6933559878382116
0.001497967044725016,0.02110022607385079,0.6906948256199544
0.0017119623368285898,0.02110022607385079,0.6906167470913921
0.0017119623368285898,0.023360964581763375,0.6883038964375975
0.0019259576289321636,0.023360964581763375,0.688021668268891
0.0019259576289321636,0.024114544084400905,0.6877816484362148
0.0025679435052428845,0.024114544084400905,0.6869385853833229
0.0025679435052428845,0.027128862094951016,0.6860442194394124
0.002995934089450032,0.027128862094951016,0.6857193358030015
0.002995934089450032,0.027882441597588545,0.6855614228772375
0.003209929381553606,0.027882441597588545,0.6852553248134132
0.003209929381553606,0.03240391861341371,0.6803899880275882
0.0034239246736571796,0.03240391861341371,0.6799929332348765
0.0034239246736571796,0.03692539562923888,0.6736025162415049
0.0036379199657607534,0.03692539562923888,0.6728652610718202
0.0036379199657607534,0.039939713639788994,0.6716729965178675
0.003851915257864327,0.039939713639788994,0.6713912231661447
0.003851915257864327,0.04220045214770158,0.6701276290573127
0.0044939011341750485,0.04220045214770158,0.6685532949426176
0.0044939011341750485,0.0452147701582517,0.6676105286839377
0.005135887010485769,0.0452147701582517,0.6668615162857732
0.005135887010485769,0.045968349660889224,0.6668044897678908
0.0055638775946929165,0.045968349660889224,0.6652554372625972
0.0055638775946929165,0.04672192916352675,0.6650858787671974
0.005991868178900064,0.04672192916352675,0.6641107196675707
0.005991868178900064,0.05199698568198945,0.6627575581222915
0.006205863471003638,0.05199698568198945,0.6617387201446632
0.006205863471003638,0.055011303692539565,0.6596390510421647
0.006419858763107212,0.055011303692539565,0.6588807813600009
0.006419858763107212,0.06103993971363979,0.6552711297800455
0.006633854055210785,0.06103993971363979,0.6552057024814041
0.006633854055210785,0.06254709871891484,0.654575592026941
0.006847849347314359,0.06254709871891484,0.6544427867725658
0.006847849347314359,0.0640542577241899,0.6543599933483087
0.007061844639417933,0.0640542577241899,0.6543548525297843
0.007061844639417933,0.06480783722682742,0.654217585724837
0.007275839931521507,0.06480783722682742,0.653946541239664
0.007275839931521507,0.0693293142426526,0.6519939651631392
0.0074898352236250805,0.0693293142426526,0.6515411480001582
0.0074898352236250805,0.0746043707611153,0.6493767374563292
0.007703830515728654,0.0746043707611153,0.6489161905569718
0.007703830515728654,0.08063300678221552,0.6472871928997945
0.007917825807832228,0.08063300678221552,0.647062149194188
0.007917825807832228,0.08214016578749057,0.6463634386272192
0.00855981168414295,0.08214016578749057,0.6451203048273606
0.00855981168414295,0.0934438583270535,0.6424926806864494
0.008773806976246523,0.0934438583270535,0.6411704166477079
0.008773806976246523,0.09570459683496609,0.6407047625613788
0.008987802268350097,0.09570459683496609,0.6406889079189512
0.008987802268350097,0.09645817633760362,0.6405441786128413
0.009629788144660818,0.09645817633760362,0.6400368523903346
0.009629788144660818,0.09796533534287867,0.6391490000170145
0.00984378343676439,0.09796533534287867,0.6388572247098123
0.00984378343676439,0.10022607385079126,0.6386297982702039
0.010271774020971538,0.10022607385079126,0.6384725313812519
0.010271774020971538,0.10173323285606632,0.6371735328729045
0.010485769313075112,0.10173323285606632,0.6370540227788098
0.010485769313075112,0.10248681235870384,0.6370387963932285
0.011127755189385833,0.10248681235870384,0.6362010365111158
0.011127755189385833,0.10474755086661643,0.6352131736176199
0.011341750481489407,0.10474755086661643,0.6348321531006578
0.011341750481489407,0.10550113036925396,0.6347985284938458
0.01155574577359298,0.10550113036925396,0.6344942618733559
0.01155574577359298,0.10625470987189148,0.6343530364184027
0.011769741065696554,0.10625470987189148,0.6340979256458387
0.011769741065696554,0.10700828937452901,0.6340695859819692
0.011983736357800128,0.10700828937452901,0.6339622668762556
0.011983736357800128,0.11077618688771665,0.6330887007919376
0.012197731649903702,0.11077618688771665,0.6330300579607717
0.012197731649903702,0.11379050489826677,0.6322521073480255
0.012411726942007276,0.11379050489826677,0.6316200999644488
0.012411726942007276,0.11680482290881689,0.6313671459022892
0.01262572223411085,0.11680482290881689,0.6311962451940002
0.01262572223411085,0.12358703843255464,0.6303954883385907
0.012839717526214423,0.12358703843255464,0.6303031049241802
0.012839717526214423,0.12584777694046723,0.6300309044094153
0.013053712818317997,0.12584777694046723,0.6297541668486715
0.013053712818317997,0.12660135644310475,0.6297273511742536
0.01326770811042157,0.12660135644310475,0.6296996575940681
0.01326770811042157,0.1363978899773926,0.6267271887928644
0.013481703402525145,0.1363978899773926,0.6264351707326672
0.013481703402525145,0.13715146948003015,0.6259802300712676
0.013695698694628718,0.13715146948003015,0.6259515621937799
0.013695698694628718,0.14318010550113036,0.6243631328093385
0.013909693986732292,0.14318010550113036,0.624161461259058
0.013909693986732292,0.146948003014318,0.6230711723923069
0.01433768457093944,0.146948003014318,0.6226940966687408
0.01433768457093944,0.14845516201959308,0.6225765759111741
0.014551679863043013,0.14845516201959308,0.6225566512271749
0.014551679863043013,0.14996232102486812,0.6218227580501273
0.015407661031457309,0.14996232102486812,0.620607296839612
0.015407661031457309,0.15373021853805577,0.6198958028903985
0.015621656323560882,0.15373021853805577,0.6197389277421729
0.015621656323560882,0.15523737754333083,0.6192759820944487
0.016263642199871604,0.15523737754333083,0.6179202840000275
0.016263642199871604,0.15825169555388094,0.616949083959052
0.01669163278407875,0.15825169555388094,0.6169139764154388
0.01669163278407875,0.15975885455915598,0.616458938021594
0.01733361866038947,0.15975885455915598,0.6158443123980362
0.01733361866038947,0.1627731725697061,0.6121796849736205
0.017547613952493046,0.1627731725697061,0.6118237255984303
0.017547613952493046,0.16428033157498115,0.6112194072091922
0.01776160924459662,0.16428033157498115,0.611157133923089
0.01776160924459662,0.1650339110776187,0.6107861359009827
0.018617590413010913,0.1650339110776187,0.6104385217784198
0.018617590413010913,0.1657874905802562,0.6103100608887453
0.01883158570511449,0.1657874905802562,0.610093106446674
0.01883158570511449,0.1680482290881688,0.6093064289259085
0.01968756687352878,0.1680482290881688,0.6081247266101969
0.01968756687352878,0.16955538809344387,0.6077815332581511
0.019901562165632356,0.16955538809344387,0.607299195373821
0.019901562165632356,0.17030896759608138,0.6069925750300236
0.020115557457735928,0.17030896759608138,0.6067978523562083
0.020115557457735928,0.17483044461190655,0.6049232825436893
0.020329552749839504,0.17483044461190655,0.6048773754247889
0.020329552749839504,0.17633760361718162,0.6045443521495393
0.02075754333404665,0.17633760361718162,0.6042023150345855
0.02075754333404665,0.17709118311981914,0.6040896064584252
0.020971538626150223,0.17709118311981914,0.6036292412535649
0.020971538626150223,0.17784476262245666,0.6025830106878687
0.02139952921035737,0.17784476262245666,0.602081080838914
0.02139952921035737,0.18010550113036924,0.6006830837657232
0.022255510378771666,0.18010550113036924,0.5994070623159716
0.022255510378771666,0.1816126601356443,0.5984556343437725
0.02246950567087524,0.1816126601356443,0.5984188847293684
0.02246950567087524,0.18613413715146948,0.5959619883550219
0.022683500962978814,0.18613413715146948,0.5958899696737083
0.022683500962978814,0.19366993217784476,0.5944295204427634
0.02289749625508239,0.19366993217784476,0.5941938252241002
0.02289749625508239,0.19593067068575734,0.593212847212826
0.02311149154718596,0.19593067068575734,0.5930980269387239
0.02311149154718596,0.1966842501883949,0.5929323196654384
0.023325486839289537,0.1966842501883949,0.5928669013385612
0.023325486839289537,0.1974378296910324,0.5926152365215751
0.02353948213139311,0.1974378296910324,0.5924309551141551
0.02353948213139311,0.19894498869630747,0.591853767707269
0.023753477423496684,0.19894498869630747,0.591787321729975
0.023753477423496684,0.199698568198945,0.5911301057649251
0.02482345388401455,0.199698568198945,0.5891709690064394
0.02482345388401455,0.2004521477015825,0.588703318516614
0.025037449176118127,0.2004521477015825,0.5883877254516002
0.025037449176118127,0.2027128862094951,0.5875644205880195
0.025465439760325274,0.2027128862094951,0.5871655956106687
0.025465439760325274,0.20422004521477016,0.5869133226121899
0.026321420928739566,0.20422004521477016,0.5860298320880829
0.026321420928739566,0.2057272042200452,0.5855240762663275
0.02653541622084314,0.2057272042200452,0.5854956842805897
0.02653541622084314,0.20648078372268275,0.5839838330326348
0.02696340680505029,0.20648078372268275,0.5836305641248548
0.02696340680505029,0.20723436322532027,0.5833676084572741
0.02717740209715386,0.20723436322532027,0.5832678559062362
0.02717740209715386,0.20874152223059533,0.581551855618201
0.027391397389257437,0.20874152223059533,0.5811553132430509
0.027391397389257437,0.20949510173323285,0.5808841395308811
0.02760539268136101,0.20949510173323285,0.5806259067469832
0.02760539268136101,0.21024868123587037,0.5805385849596394
0.028033383265568156,0.21024868123587037,0.579854028579703
0.028033383265568156,0.21175584024114544,0.5792910540547271
0.028247378557671732,0.21175584024114544,0.57842664170817
0.028247378557671732,0.21250941974378296,0.577630821723506
0.028461373849775304,0.21250941974378296,0.5769086517654005
0.028461373849775304,0.2132629992464205,0.5768839569024274
0.02867536914187888,0.2132629992464205,0.5768237375281627
0.02867536914187888,0.21401657874905802,0.5765288638044666
0.029103359726086027,0.21401657874905802,0.5755241420939594
0.029103359726086027,0.2155237377543331,0.5734218706887844
0.0293173550181896,0.2155237377543331,0.5734185639189009
0.0293173550181896,0.2162773172569706,0.5732534364191456
0.029959340894500322,0.2162773172569706,0.5725216448003436
0.029959340894500322,0.2192916352675207,0.5699967295777999
0.03038733147870747,0.2192916352675207,0.5692306868938825
0.03038733147870747,0.22079879427279578,0.5684118643441928
0.03060132677081104,0.22079879427279578,0.5675176142210047
0.03060132677081104,0.22230595327807084,0.5669678470152006
0.03145730793922534,0.22230595327807084,0.5657440953579642
0.03145730793922534,0.22381311228334588,0.5654179371501072
0.03167130323132891,0.22381311228334588,0.5652503106066821
0.03167130323132891,0.22532027128862095,0.5642564631399547
0.032099293815536056,0.22532027128862095,0.5640920598134936
0.032099293815536056,0.22607385079125847,0.5640325683535715
0.032313289107639635,0.22607385079125847,0.5627683376868171
0.032313289107639635,0.22682743029389602,0.5625997588189491
0.03252728439974321,0.22682743029389602,0.5625664516343547
0.03252728439974321,0.22833458929917105,0.5616108692524849
0.03274127969184678,0.22833458929917105,0.5612775050270981
0.03274127969184678,0.2290881688018086,0.5612121668177923
0.03295527498395035,0.2290881688018086,0.5610094540449009
0.03295527498395035,0.23134890730972119,0.5602649603414898
0.033169270276053923,0.23134890730972119,0.5602527966428871
0.033169270276053923,0.23285606631499622,0.559985512721006
0.033597260860261074,0.23285606631499622,0.5595990935409167
0.033597260860261074,0.2351168048229088,0.5592474583928198
0.03381125615236465,0.2351168048229088,0.5592306380586113
0.03381125615236465,0.2373775433308214,0.5587826144744227
0.0342392467365718,0.2373775433308214,0.5579898574334753
0.0342392467365718,0.23813112283345894,0.5571363356528748
0.03445324202867537,0.23813112283345894,0.557079635760366
0.03445324202867537,0.23888470233609646,0.5570694061565346
0.034881232612882514,0.23888470233609646,0.5569871402176575
0.034881232612882514,0.2426525998492841,0.5563075348824
0.03509522790498609,0.2426525998492841,0.556135049991255
0.03509522790498609,0.24340617935192163,0.5559971232627192
0.03552321848919324,0.24340617935192163,0.5553045459323535
0.03552321848919324,0.24415975885455915,0.554829396059307
0.03573721378129681,0.24415975885455915,0.5546803422533623
0.03573721378129681,0.24642049736247174,0.553845618974746
0.03595120907340039,0.24642049736247174,0.5533391085818223
0.03595120907340039,0.2479276563677468,0.5532206130981433
0.03723518082602183,0.2479276563677468,0.5516399714496297
0.03723518082602183,0.24868123587038432,0.5514300535617298
0.038305157286539694,0.24868123587038432,0.5500282260789545
0.038305157286539694,0.24943481537302187,0.5499980837895825
0.038733147870746845,0.24943481537302187,0.5492016626768257
0.038733147870746845,0.25018839487565936,0.5491818343208228
0.03958912903916114,0.25018839487565936,0.547852974715361
0.03958912903916114,0.2509419743782969,0.5477487413205169
0.03980312433126471,0.2509419743782969,0.5473386650887129
0.03980312433126471,0.25169555388093445,0.5467906824516131
0.040017119623368284,0.25169555388093445,0.5465574303861496
0.040017119623368284,0.25244913338357194,0.5460958321762737
0.040445110207575435,0.25244913338357194,0.5447515529800421
0.040445110207575435,0.25470987189148453,0.5445634465903814
0.04087310079178258,0.25470987189148453,0.5443005580770326
0.04087310079178258,0.2554634513941221,0.5440396156250913
0.0415150866680933,0.2554634513941221,0.5419935575436682
0.0415150866680933,0.2562170308967596,0.5417321028465825
0.04194307725230045,0.2562170308967596,0.5404919760218209
0.04194307725230045,0.25772418990203466,0.539265385729848
0.04322704900492189,0.25772418990203466,0.5374188057696042
0.04322704900492189,0.25998492840994725,0.5366068290303599
0.04365503958912904,0.25998492840994725,0.5357900317570221
0.04365503958912904,0.2607385079125848,0.5355112711957777
0.04493901134175048,0.2607385079125848,0.534739874519127
0.04493901134175048,0.26224566691785983,0.5346419681709843
0.045153006633854055,0.26224566691785983,0.5343313230437586
0.045153006633854055,0.2629992464204974,0.5341974094652876
0.04579499251016478,0.2629992464204974,0.5334736152823307
0.04579499251016478,0.26375282592313487,0.5329812091804299
0.04665097367857907,0.26375282592313487,0.5315943913949314
0.04665097367857907,0.26525998492840996,0.5306281759268981
0.04707896426278622,0.26525998492840996,0.5300952266864943
0.04707896426278622,0.26827430293896004,0.529395582150832
0.04729295955488979,0.26827430293896004,0.5292206106049451
0.04729295955488979,0.2690278824415976,0.5291709680638436
0.04772095013909694,0.2690278824415976,0.5285778495333788
0.04772095013909694,0.2712886209495102,0.5278134831547597
0.048148940723304084,0.2712886209495102,0.527169060856402
0.048148940723304084,0.2720422004521477,0.5268799455795254
0.048576931307511236,0.2720422004521477,0.5261184069944331
0.048576931307511236,0.2743029389600603,0.5256245663957575
0.04879092659961481,0.2743029389600603,0.5254424452778012
0.04879092659961481,0.2765636774679729,0.5251213518710689
0.04900492189171838,0.2765636774679729,0.5248981920783853
0.04900492189171838,0.2788244159758855,0.5247955728102675
0.04921891718382196,0.2788244159758855,0.5247460483480205
0.04921891718382196,0.27957799547852297,0.5246131712885129
0.04943291247592553,0.27957799547852297,0.5245844955342971
0.04943291247592553,0.28183873398643555,0.5240921664395783
0.049860903060132675,0.28183873398643555,0.5236256388148507
0.049860903060132675,0.28334589299171065,0.5230505431963018
0.050074898352236254,0.28334589299171065,0.5220903609514017
0.050074898352236254,0.2848530519969857,0.521221456112034
0.0505028889364434,0.2848530519969857,0.5203010454593957
0.0505028889364434,0.28711379050489827,0.5201229082249874
0.05114487481275412,0.28711379050489827,0.5184487414748747
0.05114487481275412,0.2901281085154484,0.5176209209148858
0.05135887010485769,0.2901281085154484,0.5175494823116612
0.05135887010485769,0.2908816880180859,0.5173003439091526
0.051572865396961265,0.2908816880180859,0.5172259006648176
0.051572865396961265,0.29163526752072344,0.5172150210599978
0.051786860689064844,0.29163526752072344,0.5172001302410347
0.051786860689064844,0.2931424265259985,0.5167036311016225
0.05221485127327199,0.2931424265259985,0.5160808035072938
0.05221485127327199,0.29540316503391106,0.5151963987095061
0.05242884656537556,0.29540316503391106,0.5151828906978205
0.05242884656537556,0.2961567445365486,0.5150574898148005
0.05264284185747913,0.2961567445365486,0.5149207881543473
0.05264284185747913,0.29691032403918616,0.5146067089847223
0.05285683714958271,0.29691032403918616,0.5145130171479365
0.05285683714958271,0.29766390354182365,0.5144969661315818
0.05307083244168628,0.29766390354182365,0.5138315876742969
0.05307083244168628,0.2984174830444612,0.5135556513369545
0.053712818317997006,0.2984174830444612,0.5125209045536168
0.053712818317997006,0.29917106254709874,0.51247840505878
0.05392681361010058,0.29917106254709874,0.5123711328498559
0.05392681361010058,0.29992464204973623,0.5107873001019416
0.05414080890220415,0.29992464204973623,0.5106792213915312
0.05414080890220415,0.30143180105501133,0.5102685494684807
0.054996790070618445,0.30143180105501133,0.5096305231220366
0.054996790070618445,0.3044461190655614,0.5092860754728973
0.055424780654825596,0.3044461190655614,0.5085745771134553
0.055424780654825596,0.3059532780708365,0.5084482308068662
0.05563877594692917,0.3059532780708365,0.5083454066285903
0.05563877594692917,0.306706857573474,0.5082918207759268
0.05585277123903274,0.306706857573474,0.5082884855394203
0.05585277123903274,0.30746043707611154,0.5080545400121155
0.05606676653113631,0.30746043707611154,0.508021681115212
0.05606676653113631,0.3082140165787491,0.5078163064083474
0.056494757115343464,0.3082140165787491,0.5071135700723749
0.056494757115343464,0.31047475508666167,0.5053358895632709
0.05692274769955061,0.31047475508666167,0.5051686343947319
0.05692274769955061,0.31273549359457425,0.5038482981736805
0.05713674299165419,0.31273549359457425,0.5038137690811204
0.05713674299165419,0.31348907309721175,0.503791425122886
0.05799272416006848,0.31348907309721175,0.5031491177082076
0.05799272416006848,0.31499623210248684,0.5027179564582779
0.058206719452172054,0.31499623210248684,0.5023482505410151
0.058206719452172054,0.31574981160512433,0.5021587475291918
0.058420714744275626,0.31574981160512433,0.5019622609961175
0.058420714744275626,0.3165033911077619,0.5017720928046284
0.05884870532848277,0.3165033911077619,0.5015196339937258
0.05884870532848277,0.3172569706103994,0.5005179225085107
0.059704686496897065,0.3172569706103994,0.49925665691691823
0.059704686496897065,0.31876412961567446,0.499083952697924
0.060132677081104216,0.31876412961567446,0.4987215253226571
0.060132677081104216,0.32102486812358705,0.49809700034648113
0.06034667237320779,0.32102486812358705,0.49800446086975414
0.06034667237320779,0.32328560663149963,0.4967126254397067
0.06056066766531136,0.32328560663149963,0.49629970738796975
0.06056066766531136,0.3240391861341371,0.49608133484423633
0.06120265354162208,0.3240391861341371,0.4955619020462517
0.06120265354162208,0.32479276563677467,0.49543723920950383
0.061416648833725655,0.32479276563677467,0.49534280618502086
0.061416648833725655,0.3255463451394122,0.4949650011163068
0.06205863471003638,0.3255463451394122,0.494565472556859
0.06205863471003638,0.32705350414468726,0.49408689934849886
0.06248662529424353,0.32705350414468726,0.49374149789327965
0.06248662529424353,0.3285606631499623,0.49364696946805015
0.06334260646265782,0.3285606631499623,0.49187919826781
0.06334260646265782,0.32931424265259984,0.49167429558561593
0.06377059704686497,0.32931424265259984,0.4909505642508241
0.06377059704686497,0.3308214016578749,0.49057070072169756
0.06548255938369356,0.3308214016578749,0.4886917468849399
0.06548255938369356,0.3315749811605124,0.4883085276958195
0.06569655467579713,0.3315749811605124,0.4879012046019843
0.06569655467579713,0.33232856066315,0.4877332457330747
0.06633854055210785,0.33232856066315,0.4868620964268991
0.06633854055210785,0.33458929917106256,0.4858068062521592
0.06655253584421143,0.33458929917106256,0.484629288351695
0.06655253584421143,0.33534287867370005,0.4844720934556135
0.06698052642841858,0.33534287867370005,0.48409519236429654
0.06698052642841858,0.33760361718161264,0.48383964295901205
0.06698052642841858,0.33911077618688773,0.48382076891203296
0.06719452172052215,0.33911077618688773,0.4833951312638781
0.06719452172052215,0.3398643556895252,0.483369111525545
0.0676225123047293,0.3398643556895252,0.482411588734287
0.0676225123047293,0.34061793519216277,0.4823805403787765
0.06783650759683287,0.34061793519216277,0.48147077791393084
0.06783650759683287,0.3413715146948003,0.4814075856350497
0.06826449818104002,0.3413715146948003,0.48110205860095406
0.06826449818104002,0.3421250941974378,0.4810435630372756
0.06933447464155788,0.3421250941974378,0.47989002989809915
0.06933447464155788,0.3436322532027129,0.47926560870928886
0.06997646051786861,0.3436322532027129,0.4785697878831486
0.06997646051786861,0.34513941220798794,0.47763206123943447
0.07040445110207576,0.34513941220798794,0.4771457021995761
0.07040445110207576,0.3458929917106255,0.4767330489638671
0.0708324416862829,0.3458929917106255,0.4764908454279179
0.0708324416862829,0.346646571213263,0.476485858740553
0.07126043227049005,0.346646571213263,0.476244844913278
0.07126043227049005,0.34815373021853807,0.4756396169884276
0.07147442756259362,0.34815373021853807,0.47543399584477064
0.07147442756259362,0.35116804822908815,0.4739085619613339
0.0716884228546972,0.35116804822908815,0.47369971419291096
0.0716884228546972,0.35267520723436324,0.47342142186296055
0.0748983522362508,0.35267520723436324,0.46935211334815874
0.0748983522362508,0.35342878673700073,0.4692206051395326
0.07532634282045796,0.35342878673700073,0.4689666416595435
0.07532634282045796,0.3541823662396383,0.46852675085888085
0.07618232398887224,0.3541823662396383,0.46723860545831014
0.07618232398887224,0.3549359457422758,0.4671852567097776
0.07682430986518296,0.3549359457422758,0.4670381905470614
0.07682430986518296,0.35644310474755087,0.4665854606938396
0.07703830515728655,0.35644310474755087,0.46651518428776606
0.07703830515728655,0.3571966842501884,0.465822549458888
0.07725230044939012,0.3571966842501884,0.46567155476794503
0.07725230044939012,0.35870384325546345,0.4655590627046431
0.07746629574149369,0.35870384325546345,0.465495946124562
0.07746629574149369,0.3617181612660136,0.46504839292600986
0.07789428632570083,0.3617181612660136,0.46458447918284324
0.07789428632570083,0.3632253202712886,0.4641974929746883
0.07832227690990798,0.3632253202712886,0.4640539059338539
0.07832227690990798,0.36397889977392617,0.4639213367958114
0.07875026749411512,0.36397889977392617,0.46364823823767465
0.07875026749411512,0.36473247927656366,0.4634081068754822
0.07917825807832228,0.36473247927656366,0.4627559463077772
0.07917825807832228,0.36623963828183875,0.46241598526933614
0.07939225337042585,0.36623963828183875,0.4622375343005992
0.07939225337042585,0.36699321778447624,0.46207996251086875
0.07960624866252942,0.36699321778447624,0.4620725926390971
0.07960624866252942,0.3677467972871138,0.4620323125473313
0.08024823453884014,0.3677467972871138,0.46181562007379817
0.08024823453884014,0.36850037678975134,0.46164487251700226
0.08046222983094371,0.36850037678975134,0.46125766716644695
0.08046222983094371,0.36925395629238883,0.46110108510205894
0.0806762251230473,0.36925395629238883,0.4608096618708765
0.0806762251230473,0.3707611152976639,0.46043981859223704
0.08110421570725444,0.3707611152976639,0.4602438089288325
0.08110421570725444,0.37226827430293896,0.4599694405336874
0.08153220629146159,0.37226827430293896,0.4592577793658098
0.08153220629146159,0.3730218538055765,0.4590322575747828
0.08196019687566873,0.3730218538055765,0.4585742329027997
0.08196019687566873,0.37452901281085155,0.45815246989900993
0.08260218275197946,0.37452901281085155,0.4577367917517337
0.08260218275197946,0.37678975131876413,0.4568462976442292
0.08324416862829018,0.37678975131876413,0.45612282267384796
0.08324416862829018,0.38206480783722685,0.45455490229649287
0.08367215921249732,0.38206480783722685,0.4540131851790978
0.08367215921249732,0.38281838733986434,0.45332432852646554
0.0838861545046009,0.38281838733986434,0.4527787282921548
0.0838861545046009,0.3835719668425019,0.45270762113145735
0.08431414508880805,0.3835719668425019,0.45243552380291463
0.08431414508880805,0.3850791258477769,0.4523403250232594
0.0847421356730152,0.3850791258477769,0.4518450527327181
0.0847421356730152,0.39035418236623964,0.4501938216285793
0.08645409800984379,0.39035418236623964,0.44847570542704634
0.08645409800984379,0.3911077618688772,0.4483631005241221
0.08666809330194736,0.3911077618688772,0.4482580099238876
0.08666809330194736,0.3918613413715147,0.4481445671174299
0.08688208859405093,0.3918613413715147,0.44750988149347587
0.08688208859405093,0.39261492087415223,0.44747917665266823
0.08731007917825807,0.39261492087415223,0.4471603854848543
0.08731007917825807,0.3933685003767898,0.44673437205858646
0.08773806976246523,0.3933685003767898,0.44638435594079445
0.08773806976246523,0.39562923888470236,0.44492977650407556
0.0879520650545688,0.39562923888470236,0.4447591275409461
0.0879520650545688,0.39788997739261495,0.44449765937115077
0.08838005563877595,0.39788997739261495,0.4436466516300131
0.08838005563877595,0.39864355689525244,0.4430306367230104
0.08880804622298309,0.39864355689525244,0.4429110601735687
0.08880804622298309,0.39939713639789,0.44288022725778015
0.08902204151508666,0.39939713639789,0.441704949189453
0.08902204151508666,0.400904295403165,0.441237705538371
0.08923603680719024,0.400904295403165,0.4403198909363631
0.08923603680719024,0.40391861341371516,0.43910447492739235
0.08945003209929382,0.40391861341371516,0.4389907478559241
0.08945003209929382,0.4046721929163527,0.4389487685335722
0.0896640273913974,0.4046721929163527,0.43892159155269983
0.0896640273913974,0.4054257724189902,0.4381309465976714
0.08987802268350097,0.4054257724189902,0.43767458163549294
0.08987802268350097,0.4076865109269028,0.4367939430921289
0.09030601326770811,0.4076865109269028,0.4364164184974063
0.09030601326770811,0.4084400904295403,0.43641375768123325
0.09073400385191525,0.4084400904295403,0.4358126222427252
0.09073400385191525,0.40994724943481536,0.4357185262743699
0.09116199443612241,0.40994724943481536,0.43542278037105325
0.09116199443612241,0.4107008289374529,0.43498913384401033
0.0920179756045367,0.4107008289374529,0.4338685954344815
0.0920179756045367,0.4114544084400904,0.4337212387446482
0.09244596618874384,0.4114544084400904,0.4333969278246383
0.09244596618874384,0.41220798794272795,0.4331992500726585
0.09308795206505457,0.41220798794272795,0.4329522230600678
0.09308795206505457,0.4129615674453655,0.43245973977707525
0.09330194735715815,0.4129615674453655,0.4322386656100705
0.09330194735715815,0.413715146948003,0.432143062248286
0.09351594264926172,0.413715146948003,0.43151669204300663
0.09351594264926172,0.41446872645064053,0.4311624856359122
0.09394393323346886,0.41446872645064053,0.42961853591768434
0.09394393323346886,0.4167294649585531,0.4288487233266513
0.09458591910977958,0.4167294649585531,0.4284336676405148
0.09458591910977958,0.4189902034664657,0.42723941320466396
0.09522790498609031,0.4189902034664657,0.42576718265128316
0.09522790498609031,0.41974378296910325,0.4255006829483888
0.09544190027819388,0.41974378296910325,0.42544632288227824
0.09544190027819388,0.42049736247174074,0.42483697127217035
0.09565589557029745,0.42049736247174074,0.42433130564822663
0.09565589557029745,0.4212509419743783,0.4242488708153118
0.09586989086240102,0.4212509419743783,0.42421441553210837
0.09586989086240102,0.42200452147701584,0.42390374578242707
0.0960838861545046,0.42200452147701584,0.4237211283959807
0.0960838861545046,0.4242652599849284,0.42293926899348583
0.09629788144660817,0.4242652599849284,0.4227842756847932
0.09629788144660817,0.4250188394875659,0.42271786661298416
0.09672587203081533,0.4250188394875659,0.4224001424998804
0.09672587203081533,0.42577241899020346,0.42239469859506246
0.0969398673229189,0.42577241899020346,0.4223172179077566
0.0969398673229189,0.42803315749811605,0.4216174349710766
0.09758185319922962,0.42803315749811605,0.42108112595966934
0.09758185319922962,0.4287867370007536,0.4210597697967085
0.09865182965974749,0.4287867370007536,0.4194993102320879
0.09865182965974749,0.4295403165033911,0.4191385099434819
0.09907982024395463,0.4295403165033911,0.41854526428775873
0.09907982024395463,0.43029389600602863,0.4183193987068794
0.0992938155360582,0.43029389600602863,0.4180103300767979
0.0992938155360582,0.4310474755086662,0.41754862163547396
0.09993580141236892,0.4310474755086662,0.4167709401541423
0.09993580141236892,0.43330821401657876,0.41610498501705273
0.10014979670447251,0.43330821401657876,0.4157182943302314
0.10014979670447251,0.43632253202712884,0.414680277102131
0.1010057778728868,0.43632253202712884,0.41385773622908434
0.1010057778728868,0.43782969103240393,0.4132688250882205
0.10121977316499037,0.43782969103240393,0.4128681434501359
0.10121977316499037,0.4385832705350414,0.41261693771759705
0.10143376845709394,0.4385832705350414,0.412350510404302
0.10143376845709394,0.43933685003767897,0.41212480701620646
0.10271774020971539,0.43933685003767897,0.41048941661237526
0.10271774020971539,0.4400904295403165,0.4097272080832737
0.10314573079392253,0.4400904295403165,0.40898970442909915
0.10314573079392253,0.440844009042954,0.4086793466878923
0.1033597260860261,0.440844009042954,0.4086036082536028
0.1033597260860261,0.4423511680482291,0.4078631420549484
0.10400171196233683,0.4423511680482291,0.4076627074116645
0.10400171196233683,0.4431047475508666,0.4076600508170706
0.10571367429916542,0.4431047475508666,0.40511163682791695
0.10571367429916542,0.4446119065561417,0.40492342883654464
0.10614166488337257,0.4446119065561417,0.4041612148023268
0.10614166488337257,0.4453654860587792,0.40376064799278655
0.10635566017547614,0.4453654860587792,0.40348513316220574
0.10635566017547614,0.4461190655614167,0.40343875463355167
0.10656965546757971,0.4461190655614167,0.4033687287108673
0.10656965546757971,0.44762622456669177,0.40326310875086263
0.10721164134389044,0.44762622456669177,0.40276666600538236
0.10721164134389044,0.4483798040693293,0.40239802474606384
0.10742563663599401,0.4483798040693293,0.4021326650981368
0.10742563663599401,0.44913338357196686,0.40209274697343456
0.10763963192809758,0.44913338357196686,0.4017005321792382
0.10763963192809758,0.45139412207987945,0.4007353332081541
0.10892360368071903,0.45139412207987945,0.3982132740367538
0.10892360368071903,0.4529012810851545,0.3973900556887971
0.1091375989728226,0.4529012810851545,0.39714169489339796
0.1091375989728226,0.45365486058779203,0.3968464015511397
0.10956558955702975,0.45365486058779203,0.396550834667817
0.10956558955702975,0.4544084400904295,0.394965814811292
0.11020757543334046,0.4544084400904295,0.3946269681889247
0.11020757543334046,0.45516201959306707,0.3941660997862901
0.11084956130965119,0.45516201959306707,0.39366373342634997
0.11084956130965119,0.4559155990957046,0.39365197531722623
0.11191953777016905,0.4559155990957046,0.3919405248781674
0.11191953777016905,0.45742275810097965,0.39138511772580636
0.1123475283543762,0.45742275810097965,0.390353510841659
0.1123475283543762,0.4581763376036172,0.3898537451771954
0.11256152364647978,0.4581763376036172,0.38971297941864363
0.11256152364647978,0.4589299171062547,0.38965119746955607
0.11298951423068693,0.4589299171062547,0.38894304356630277
0.11298951423068693,0.4604370761115298,0.3881001998001897
0.1132035095227905,0.4604370761115298,0.3879141642445167
0.1132035095227905,0.4611906556141673,0.387770186608482
0.11363150010699764,0.4611906556141673,0.38731085032838825
0.11363150010699764,0.4619442351168048,0.38730060783367465
0.11384549539910122,0.4619442351168048,0.3872299591541591
0.11384549539910122,0.46646571213263,0.3858040802950324
0.11512946715172266,0.46646571213263,0.3835053093725667
0.11512946715172266,0.46721929163526754,0.3831483400757276
0.11534346244382623,0.46721929163526754,0.3829829974619877
0.11534346244382623,0.46797287113790503,0.38269463438153367
0.1155574577359298,0.46797287113790503,0.38209649580919597
0.1155574577359298,0.4740015071590053,0.37929352609250067
0.11577145302803338,0.4740015071590053,0.37906629436801775
0.11577145302803338,0.4747550866616428,0.37859627788341255
0.11598544832013696,0.4747550866616428,0.3783315790406087
0.11598544832013696,0.47550866616428034,0.37801959481592895
0.11619944361224054,0.47550866616428034,0.3778003466720044
0.11619944361224054,0.47852298417483047,0.3766826542634558
0.11662743419644768,0.47852298417483047,0.37625113051305936
0.11662743419644768,0.47927656367746796,0.3760265870171468
0.11705542478065482,0.47927656367746796,0.3750841295388777
0.11705542478065482,0.48153730218538054,0.3735074750394559
0.1172694200727584,0.48153730218538054,0.3732327690800437
0.1172694200727584,0.4822908816880181,0.3729973054342913
0.11769741065696554,0.4822908816880181,0.37281881251008503
0.11769741065696554,0.48304446119065564,0.37268684229164656
0.11791140594906913,0.48304446119065564,0.3726778690592448
0.11791140594906913,0.48379804069329313,0.37252117098461285
0.1181254012411727,0.48379804069329313,0.3719703869456221
0.1181254012411727,0.4845516201959307,0.37150313371937005
0.11833939653327627,0.4845516201959307,0.37134999979314814
0.11833939653327627,0.4860587792012057,0.37057065052096716
0.11983736357800129,0.4860587792012057,0.36895931496851075
0.11983736357800129,0.48681235870384326,0.3683161157780571
0.120479349454312,0.48681235870384326,0.36761411161037894
0.120479349454312,0.4883195177091183,0.3670853706918127
0.12069334474641558,0.4883195177091183,0.36688976051358696
0.12069334474641558,0.48907309721175585,0.3668118084304127
0.12112133533062272,0.48907309721175585,0.3656212735465115
0.12112133533062272,0.4898266767143934,0.36521184362579345
0.1213353306227263,0.4898266767143934,0.3643289434670103
0.1213353306227263,0.492087415222306,0.3637132142580121
0.12176332120693345,0.492087415222306,0.3636637548596461
0.12176332120693345,0.49284099472494347,0.3635717573290295
0.1221913117911406,0.49284099472494347,0.36319470258509196
0.1221913117911406,0.493594574227581,0.3630841627061363
0.12283329766745131,0.493594574227581,0.3614502679350417
0.12283329766745131,0.49434815373021856,0.36050370969701295
0.12347528354376204,0.49434815373021856,0.35959705901997857
0.12347528354376204,0.49510173323285606,0.35957564131669617
0.12390327412796918,0.49510173323285606,0.3593014236975917
0.12390327412796918,0.4958553127354936,0.359094771981979
0.12433126471217633,0.4958553127354936,0.3582054433048487
0.12433126471217633,0.49736247174076864,0.357792369197826
0.12561523646479777,0.49736247174076864,0.3558212973147818
0.12561523646479777,0.49886963074604374,0.3555498243686072
0.12604322704900492,0.49886963074604374,0.3549077246704284
0.12604322704900492,0.5003767897513187,0.3542940169177667
0.12647121763321206,0.5003767897513187,0.35402920383862296
0.12647121763321206,0.5011303692539563,0.35380418550663517
0.12818317997004067,0.5011303692539563,0.3518863762733111
0.12818317997004067,0.5048982667671439,0.3498126455983641
0.12839717526214423,0.5048982667671439,0.34947822179695825
0.12839717526214423,0.5056518462697814,0.3493289219607674
0.12882516584635137,0.5056518462697814,0.34821359468232915
0.12882516584635137,0.506405425772419,0.34817319417180814
0.13010913759897283,0.506405425772419,0.3455193161086955
0.13010913759897283,0.5071590052750565,0.3451471309268273
0.13053712818317997,0.5071590052750565,0.34486627366938843
0.13053712818317997,0.5079125847776941,0.3441611257732952
0.1318210999358014,0.5079125847776941,0.34294946530230896
0.1318210999358014,0.5094197437829691,0.3427334841177578
0.13224909052000855,0.5094197437829691,0.3422396391731657
0.13224909052000855,0.5131876412961568,0.3413766514150226
0.13289107639631928,0.5131876412961568,0.3411056297266176
0.13289107639631928,0.5139412207987942,0.34086576912577615
0.1341750481489407,0.5139412207987942,0.3393214466320895
0.1341750481489407,0.5146948003014318,0.3384586741303499
0.1343890434410443,0.5146948003014318,0.33824853946244277
0.1343890434410443,0.5154483798040693,0.3380517504415229
0.13481703402525144,0.5154483798040693,0.3372623900174772
0.13481703402525144,0.5162019593067069,0.3368977643008391
0.13545901990156217,0.5162019593067069,0.33666803251004424
0.13545901990156217,0.5169555388093444,0.3363845135026007
0.13610100577787287,0.5169555388093444,0.3355129755186565
0.13610100577787287,0.517709118311982,0.335238258993788
0.1369569869462872,0.517709118311982,0.3342807829534032
0.1369569869462872,0.5184626978146194,0.33353529484278516
0.1384549539910122,0.5184626978146194,0.33216725367091304
0.1384549539910122,0.520723436322532,0.33200301116352204
0.13888294457521935,0.520723436322532,0.33163828526324696
0.13888294457521935,0.5229841748304446,0.3307931432863985
0.1393109351594265,0.5229841748304446,0.3302290506470556
0.1393109351594265,0.5237377543330821,0.33010815547054667
0.14059490691204793,0.5237377543330821,0.32871583975946694
0.14059490691204793,0.5252449133383572,0.32844048423631955
0.1418788786646694,0.5252449133383572,0.3253616257219862
0.1418788786646694,0.5259984928409948,0.3253499906143172
0.14209287395677295,0.5259984928409948,0.3250021082452918
0.14209287395677295,0.5267520723436323,0.3248691404450543
0.14273485983308368,0.5267520723436323,0.32301253001197966
0.14273485983308368,0.5275056518462697,0.3220446246430983
0.1440188315857051,0.5275056518462697,0.320473113291904
0.1440188315857051,0.5282592313489073,0.3204622308337619
0.1442328268778087,0.5282592313489073,0.32024985405874046
0.1442328268778087,0.5290128108515448,0.32017226358040446
0.14444682216991225,0.5290128108515448,0.31999856829332174
0.14444682216991225,0.5305199698568199,0.3182636761188831
0.14680077038305156,0.5305199698568199,0.3143063056389224
0.14680077038305156,0.5320271288620949,0.31344401588113996
0.14701476567515515,0.5320271288620949,0.3114406832003863
0.14701476567515515,0.5327807083647325,0.3112725334399757
0.14787074684356943,0.5327807083647325,0.30927675099369806
0.14787074684356943,0.53353428786737,0.30909592135672365
0.14872672801198375,0.53353428786737,0.30801773001435084
0.14872672801198375,0.5342878673700076,0.3079841140240897
0.1497967044725016,0.5342878673700076,0.3067593472791435
0.1497967044725016,0.5357950263752826,0.3063334846963532
0.1506526856409159,0.5357950263752826,0.3058963949955306
0.1506526856409159,0.5365486058779201,0.3056945014687525
0.15257864326984807,0.5365486058779201,0.30383300445268513
0.15257864326984807,0.5373021853805576,0.3037832342661649
0.15343462443826236,0.5373021853805576,0.30298755671980454
0.15343462443826236,0.5380557648831952,0.3027385872835678
0.1538626150224695,0.5380557648831952,0.30211429214833985
0.1538626150224695,0.5388093443858327,0.30208340808348777
0.15429060560667665,0.5388093443858327,0.3009325995299777
0.15429060560667665,0.5403165033911078,0.3003868471028959
0.1547185961908838,0.5403165033911078,0.2991447434905351
0.1547185961908838,0.5410700828937453,0.2987103772658276
0.15536058206719452,0.5410700828937453,0.29692259013305644
0.15536058206719452,0.5418236623963828,0.29533441654382186
0.15578857265140167,0.5418236623963828,0.2949554250669604
0.15578857265140167,0.5425772418990203,0.29391596265306213
0.1562165632356088,0.5425772418990203,0.2936063809727237
0.1562165632356088,0.5433308214016579,0.2933369024707388
0.15664455381981596,0.5433308214016579,0.2931199042693315
0.15664455381981596,0.5455915599095704,0.2929090894059286
0.15985448320136958,0.5455915599095704,0.29017699256088414
0.15985448320136958,0.5478522984174831,0.2893386441582515
0.16006847849347314,0.5478522984174831,0.28898201278772445
0.16006847849347314,0.5486058779201206,0.2887770108264658
0.161138454953991,0.5486058779201206,0.2880391295457605
0.161138454953991,0.549359457422758,0.28797732861100284
0.16156644553819816,0.549359457422758,0.2877976167404525
0.16156644553819816,0.5508666164280331,0.2874480336671797
0.16220843141450889,0.5508666164280331,0.2865950791226252
0.16220843141450889,0.5516201959306707,0.28639075434742545
0.16263642199871603,0.5516201959306707,0.2862487693140093
0.16263642199871603,0.5523737754333082,0.285735111807262
0.16327840787502676,0.5523737754333082,0.28551075718874275
0.16327840787502676,0.5531273549359458,0.28528104025568807
0.16413438904344105,0.5531273549359458,0.28472640129170573
0.16413438904344105,0.5546345139412208,0.2845002458489168
0.16499037021185534,0.5546345139412208,0.28380725161863973
0.16499037021185534,0.5553880934438583,0.2837874706234213
0.16541836079606248,0.5553880934438583,0.28344763958518066
0.16541836079606248,0.5561416729464959,0.28337389472991575
0.16648833725658035,0.5561416729464959,0.2818133758893923
0.16648833725658035,0.5568952524491334,0.28131805086164974
0.1677723090092018,0.5568952524491334,0.2804409825142336
0.1677723090092018,0.557648831951771,0.28037298041059944
0.1692702760539268,0.557648831951771,0.27854536800573815
0.1692702760539268,0.5584024114544084,0.2783422865332286
0.17034025251444468,0.5584024114544084,0.2773796416749522
0.17034025251444468,0.5591559909570459,0.2772393709597787
0.17055424780654826,0.5591559909570459,0.27718357674316996
0.17055424780654826,0.5599095704596835,0.2770175236243262
0.1709822383907554,0.5599095704596835,0.2765743509701582
0.1709822383907554,0.560663149962321,0.2765303138730239
0.17290819601968757,0.560663149962321,0.27545409099497736
0.17290819601968757,0.5614167294649586,0.2752304759206369
0.17462015835651615,0.5614167294649586,0.27301239655545734
0.17462015835651615,0.5621703089675961,0.27296990477576616
0.17569013481703402,0.5621703089675961,0.2707374174960821
0.17569013481703402,0.5629238884702336,0.27066439890976346
0.17783008773806977,0.5629238884702336,0.2679606341590658
0.17783008773806977,0.5636774679728711,0.26742389162013713
0.17847207361438047,0.5636774679728711,0.2666759551484288
0.17847207361438047,0.5644310474755087,0.2662398713286829
0.18061202653541622,0.5644310474755087,0.26400566453310503
0.18061202653541622,0.5651846269781462,0.26368196375505326
0.1814680077038305,0.5651846269781462,0.26302976751807144
0.1814680077038305,0.5659382064807837,0.2629335267363744
0.1816820029959341,0.5659382064807837,0.2624465817303368
0.1816820029959341,0.5666917859834213,0.26182624033757645
0.18210999358014124,0.5666917859834213,0.26150467946934014
0.18210999358014124,0.5674453654860587,0.2612257316562856
0.18510592766959127,0.5674453654860587,0.25871935463490686
0.18510592766959127,0.5681989449886963,0.25870332321818706
0.18531992296169483,0.5681989449886963,0.25853782682084303
0.18531992296169483,0.5689525244913338,0.258370745605647
0.18596190883800556,0.5689525244913338,0.25786509366141686
0.18596190883800556,0.5697061039939714,0.25752494859375563
0.18617590413010915,0.5697061039939714,0.25730480110815057
0.18617590413010915,0.5712132629992465,0.2569427529935386
0.187245880590627,0.5712132629992465,0.2559542056111634
0.187245880590627,0.5727204220045214,0.25578598615849907
0.18767387117483417,0.5727204220045214,0.25573685959564463
0.18767387117483417,0.573474001507159,0.2554611908268016
0.18831585705114487,0.573474001507159,0.2542915563072444
0.18831585705114487,0.5757347400150716,0.25380408584515374
0.18852985234324846,0.5757347400150716,0.2535357037405997
0.18852985234324846,0.5764883195177091,0.253291771699721
0.18959982880376633,0.5764883195177091,0.25247836189958883
0.18959982880376633,0.5772418990203466,0.2522893412875121
0.1898138240958699,0.5772418990203466,0.2521558027364594
0.1898138240958699,0.5779954785229842,0.2517351944639456
0.19109779584849132,0.5779954785229842,0.25017285553702884
0.19109779584849132,0.5787490580256217,0.25009474263468745
0.1930237534774235,0.5787490580256217,0.2485550145353028
0.1930237534774235,0.5795026375282593,0.24828204218715924
0.19601968756687352,0.5795026375282593,0.2458127581012404
0.19601968756687352,0.5802562170308968,0.24566266034078132
0.19666167344318425,0.5802562170308968,0.24486312408781336
0.19666167344318425,0.5810097965335342,0.2447687547690109
0.1985876310721164,0.5810097965335342,0.24359932375664844
0.1985876310721164,0.5817633760361718,0.24343486906101355
0.20029959340894501,0.5817633760361718,0.2422110768551177
0.20029959340894501,0.5832705350414469,0.24202149944098375
0.20179756045367003,0.5832705350414469,0.2404156955716916
0.20179756045367003,0.5840241145440844,0.24041358812979177
0.20222555103787718,0.5840241145440844,0.23982857037473437
0.20222555103787718,0.584777694046722,0.23974182106498965
0.20286753691418788,0.584777694046722,0.23856522949335007
0.20286753691418788,0.5855312735493594,0.23854304711145669
0.2035095227904986,0.5855312735493594,0.237157447877371
0.2035095227904986,0.5870384325546345,0.23676346644341983
0.20457949925101648,0.5870384325546345,0.2361813754101158
0.20457949925101648,0.587792012057272,0.23602892614339044
0.20629146158784506,0.587792012057272,0.23467885431978514
0.20629146158784506,0.5892991710625471,0.23437928258113958
0.20650545687994865,0.5892991710625471,0.23415338614704848
0.20650545687994865,0.5915599095704597,0.2335214590888298
0.2069334474641558,0.5915599095704597,0.23296872348458827
0.2069334474641558,0.5923134890730972,0.2329588951763245
0.20714744275625938,0.5923134890730972,0.2329409799447138
0.20714744275625938,0.5930670685757348,0.23277460390974838
0.2092873956772951,0.5930670685757348,0.23113503159729845
0.2092873956772951,0.5938206480783723,0.23107702956584697
0.20971538626150224,0.5938206480783723,0.2308238137331535
0.20971538626150224,0.5945742275810098,0.23056549703274754
0.21014337684570938,0.5945742275810098,0.2304255671636706
0.21014337684570938,0.5953278070836473,0.23019698826084792
0.211855339182538,0.5953278070836473,0.2286284819388351
0.211855339182538,0.5960813865862848,0.2285559733080752
0.21249732505884872,0.5960813865862848,0.2281922950260809
0.21249732505884872,0.5968349660889224,0.22806462470431474
0.213353306227263,0.5968349660889224,0.22717305581941957
0.213353306227263,0.5983421250941975,0.22702069254633903
0.21506526856409158,0.5983421250941975,0.22573206796401582
0.21506526856409158,0.5990957045968349,0.22571067503701908
0.21527926385619517,0.5990957045968349,0.22561210929202544
0.21527926385619517,0.5998492840994725,0.22490862886111745
0.21549325914829873,0.5998492840994725,0.22466444432215696
0.21549325914829873,0.6013564431047476,0.22447880266188747
0.21592124973250587,0.6013564431047476,0.22421905640425852
0.21592124973250587,0.6021100226073851,0.22414327794632743
0.2167772309009202,0.6021100226073851,0.22313718596758111
0.2167772309009202,0.6028636021100227,0.2230164265874827
0.21763321206933448,0.6028636021100227,0.2219782305467612
0.21763321206933448,0.6036171816126601,0.22197711678120077
0.21784720736143806,0.6036171816126601,0.22175746357814036
0.21784720736143806,0.6043707611152976,0.22162918628878578
0.21870318852985235,0.6043707611152976,0.2209737065870412
0.21870318852985235,0.6051243406179352,0.22053909835913232
0.21955916969826664,0.6051243406179352,0.22014256062045856
0.21955916969826664,0.6073850791258478,0.2195215786204149
0.22041515086668093,0.6073850791258478,0.2190226831535338
0.22041515086668093,0.6081386586284853,0.2188181141442107
0.22169912261930239,0.6081386586284853,0.21803093656054337
0.22169912261930239,0.6088922381311228,0.2179629468542546
0.22212711320350953,0.6088922381311228,0.2177418962491373
0.22212711320350953,0.6096458176337604,0.21771157925811788
0.22298309437192382,0.6096458176337604,0.21727023328891235
0.22298309437192382,0.6103993971363979,0.21726926977387778
0.2231970896640274,0.6103993971363979,0.21724037589128342
0.2231970896640274,0.6111529766390355,0.21673910958656153
0.22341108495613096,0.6111529766390355,0.2167116548751136
0.22341108495613096,0.611906556141673,0.21664025184139984
0.2240530708324417,0.611906556141673,0.21620096460646884
0.2240530708324417,0.6126601356443104,0.21606031790297206
0.22512304729295957,0.6126601356443104,0.21584148946791468
0.22512304729295957,0.6141672946495855,0.21559696260657887
0.22597902846137385,0.6141672946495855,0.21474460430973846
0.22597902846137385,0.6149208741522231,0.21469981868707477
0.226407019045581,0.6149208741522231,0.21421962003753278
0.226407019045581,0.6164280331574982,0.21418392018539625
0.22683500962978814,0.6164280331574982,0.21386665810122882
0.22683500962978814,0.6171816126601356,0.21364936260701092
0.22704900492189173,0.6171816126601356,0.21349369051593858
0.22704900492189173,0.6186887716654107,0.21315867179254686
0.2296169484271346,0.6186887716654107,0.21144915947048845
0.2296169484271346,0.6194423511680482,0.21129292753657875
0.23004493901134174,0.6194423511680482,0.21119108765750716
0.23004493901134174,0.6209495101733233,0.21106055017970782
0.23025893430344532,0.6209495101733233,0.2108610550171258
0.23025893430344532,0.6217030896759608,0.2108296312353945
0.2313289107639632,0.6217030896759608,0.21039780577502581
0.2313289107639632,0.6232102486812359,0.21002806408647154
0.23239888722448107,0.6232102486812359,0.2096194005620564
0.23239888722448107,0.624717407686511,0.2095704090230973
0.23518082602182752,0.624717407686511,0.20825489222155613
0.23518082602182752,0.6254709871891485,0.20792495462023453
0.23732077894286327,0.6254709871891485,0.20722527850092332
0.23732077894286327,0.6262245666917859,0.20713738926657121
0.23903274127969185,0.6262245666917859,0.20625638640523214
0.23903274127969185,0.6269781461944235,0.20623522556987972
0.2411726942007276,0.6269781461944235,0.20448359149959186
0.2411726942007276,0.627731725697061,0.20445925097381937
0.24160068478493474,0.627731725697061,0.20405232265775272
0.24160068478493474,0.6284853051996986,0.2039564499231581
0.2426706612454526,0.6284853051996986,0.20322352253104162
0.2426706612454526,0.6299924642049737,0.20295277604160594
0.2435266424138669,0.6299924642049737,0.20226491378861933
0.2435266424138669,0.6314996232102487,0.2020288865382008
0.24481061416648833,0.6314996232102487,0.20113921609995417
0.24481061416648833,0.6330067822155238,0.20094385377607354
0.24695056708752408,0.6330067822155238,0.19961674651872663
0.24695056708752408,0.6337603617181613,0.19958060652012974
0.24802054354804196,0.6337603617181613,0.19889319722693885
0.24802054354804196,0.6345139412207988,0.19878606773122287
0.2493045153006634,0.6345139412207988,0.19801861146993388
0.2493045153006634,0.6352675207234363,0.19765471202824988
0.2501604964690777,0.6352675207234363,0.197434405236745
0.2501604964690777,0.6367746797287114,0.19688342622565913
0.25123047292959555,0.6367746797287114,0.19652032890398174
0.25123047292959555,0.6375282592313489,0.19625487628876492
0.2516584635138027,0.6375282592313489,0.19607677581243607
0.2516584635138027,0.6397889977392615,0.19592164304237075
0.25272843997432054,0.6397889977392615,0.19520314120899343
0.25272843997432054,0.640542577241899,0.19518191900432014
0.2533704258506313,0.640542577241899,0.19480980631693612
0.2533704258506313,0.6412961567445365,0.1948014751313857
0.25444040231114917,0.6412961567445365,0.1942354395226921
0.25444040231114917,0.6428033157498116,0.19411258249397928
0.25658035523218486,0.6428033157498116,0.19295245079919346
0.25658035523218486,0.6435568952524491,0.192863555498987
0.25679435052428845,0.6435568952524491,0.19283313600812813
0.25679435052428845,0.6443104747550866,0.19272728064148223
0.2574363364005992,0.6443104747550866,0.19240386118788813
0.2574363364005992,0.6450640542577242,0.1918848437865477
0.2578643269848063,0.6450640542577242,0.19180340914850177
0.2578643269848063,0.6465712132629993,0.19175406611596407
0.2591482987374278,0.6465712132629993,0.19141573993064448
0.2591482987374278,0.6473247927656368,0.1913964848743529
0.2595762893216349,0.6473247927656368,0.19133353497940062
0.2595762893216349,0.6480783722682742,0.19124453785782394
0.2600042799058421,0.6480783722682742,0.19083025417166932
0.2600042799058421,0.6495855312735493,0.19035032941857913
0.26021827519794566,0.6495855312735493,0.19030661160778278
0.26021827519794566,0.6503391107761869,0.19030059825451737
0.26043227049004924,0.6503391107761869,0.19009012544890116
0.26043227049004924,0.651846269781462,0.1900707063646511
0.2606462657821528,0.651846269781462,0.18978262102569513
0.2606462657821528,0.6525998492840994,0.18975441839041635
0.26492617162422427,0.6525998492840994,0.18803345474723593
0.26492617162422427,0.653353428786737,0.1880079441926663
0.26749411512946714,0.653353428786737,0.18682995976332747
0.26749411512946714,0.6541070082893745,0.18677352785823295
0.2679221057136743,0.6541070082893745,0.18650016021720092
0.2679221057136743,0.6563677467972872,0.1861085915126873
0.2681361010057779,0.6563677467972872,0.18599824094983408
0.2681361010057779,0.6571213262999246,0.18592730245570321
0.2683500962978814,0.6571213262999246,0.1859240866558182
0.2683500962978814,0.6578749058025621,0.18591437659202026
0.2694200727583993,0.6578749058025621,0.18554099329275495
0.2694200727583993,0.6601356443104748,0.18518332511269114
0.27134603038733146,0.6601356443104748,0.18423513083813745
0.27134603038733146,0.6608892238131123,0.1841957039803722
0.2730579927241601,0.6608892238131123,0.18329497326263947
0.2730579927241601,0.6616428033157498,0.1831952358816664
0.2734859833083672,0.6616428033157498,0.18305630550603932
0.2734859833083672,0.6623963828183873,0.18302332756799528
0.2743419644767815,0.6623963828183873,0.18276886964999112
0.2743419644767815,0.6631499623210249,0.1825043450842639
0.2745559597688851,0.6631499623210249,0.1824762376617613
0.2745559597688851,0.6639035418236624,0.18242289563451572
0.27669591268992083,0.6639035418236624,0.1816766483309808
0.27669591268992083,0.6646571213263,0.18160368166604293
0.2769099079820244,0.6646571213263,0.18155521029253324
0.2769099079820244,0.6654107008289375,0.18151813613782714
0.2790498609030601,0.6654107008289375,0.18069025778259995
0.2790498609030601,0.6669178598342125,0.18054362565475204
0.280119837363578,0.6669178598342125,0.17994148243433253
0.280119837363578,0.66767143933685,0.1799356416427263
0.28054782794778516,0.66767143933685,0.17979044667707028
0.28054782794778516,0.6691785983421251,0.1796653050255639
0.28118981382409586,0.6691785983421251,0.17945647362065922
0.28118981382409586,0.6699321778447627,0.17930783842087628
0.28225979028461373,0.6699321778447627,0.17917159442809522
0.28225979028461373,0.6714393368500376,0.17914185660963267
0.2835437620372352,0.6714393368500376,0.17840356374592026
0.2835437620372352,0.6721929163526752,0.17832520635943266
0.2837577573293388,0.6721929163526752,0.17823798762648907
0.2837577573293388,0.6729464958553127,0.17821736620465234
0.2841857479135459,0.6729464958553127,0.17811412490178555
0.2841857479135459,0.6737000753579503,0.17809991208646905
0.2850417290819602,0.6737000753579503,0.17782168388125866
0.2850417290819602,0.6744536548605878,0.177702095632927
0.28546971966616735,0.6744536548605878,0.17761034334832895
0.28546971966616735,0.6752072343632253,0.17744656267774783
0.28632570083458164,0.6752072343632253,0.17726636870924156
0.28632570083458164,0.6759608138658628,0.17722657750504386
0.29509950781082817,0.6759608138658628,0.17431773804022094
0.29509950781082817,0.6782215523737755,0.1740586330627353
0.29574149368713887,0.6782215523737755,0.1739570750961169
0.29574149368713887,0.6797287113790504,0.17378299127522354
0.29595548897924245,0.6797287113790504,0.17377970770096307
0.29595548897924245,0.680482290881688,0.1737546589383417
0.2985234324844853,0.680482290881688,0.173065621448078
0.2985234324844853,0.6812358703843255,0.17301915316199082
0.2989514230686925,0.6812358703843255,0.17285049490863214
0.2989514230686925,0.6819894498869631,0.172737046782222
0.30023539482131395,0.6819894498869631,0.1726385505977654
0.30023539482131395,0.6827430293896006,0.1725672746722256
0.30066338540552107,0.6827430293896006,0.1721472893856618
0.30066338540552107,0.6834966088922382,0.17207782601836547
0.3019473571581425,0.6834966088922382,0.17143192446381453
0.3019473571581425,0.6842501883948756,0.17140066596883907
0.3045153006633854,0.6842501883948756,0.17095402662518233
0.3045153006633854,0.6850037678975132,0.17089217127225095
0.30665525358442114,0.6850037678975132,0.17047843190114514
0.30665525358442114,0.6857573474001507,0.17047247870312884
0.3083672159212497,0.6857573474001507,0.16998175068181476
0.3083672159212497,0.6865109269027883,0.1699456110247869
0.3102931735501819,0.6865109269027883,0.16930000195738776
0.3102931735501819,0.6872645064054258,0.1692872925436099
0.31157714530280334,0.6872645064054258,0.16859020313988268
0.31157714530280334,0.6880180859080633,0.1685182647087979
0.3120051358870105,0.6880180859080633,0.1684794250424524
0.3120051358870105,0.6887716654107008,0.16845861632181985
0.31221913117911404,0.6887716654107008,0.16839441041687778
0.31221913117911404,0.6902788244159759,0.16831969788124274
0.3124331264712176,0.6902788244159759,0.16828956673780596
0.3124331264712176,0.6910324039186134,0.16824933684224727
0.3128611170554248,0.6910324039186134,0.16816850293825525
0.3128611170554248,0.691785983421251,0.16815650703212084
0.31307511234752833,0.691785983421251,0.16815300759555757
0.31307511234752833,0.6925395629238885,0.16803050839393657
0.3135031029317355,0.6925395629238885,0.16779718790154738
0.3135031029317355,0.693293142426526,0.16778749435358106
0.3145730793922534,0.693293142426526,0.16735381742291322
0.3145730793922534,0.6940467219291635,0.16710342666840944
0.31649903702118554,0.6940467219291635,0.16645141764122157
0.31649903702118554,0.694800301431801,0.1664349755220878
0.3169270276053927,0.694800301431801,0.16636905589428833
0.3169270276053927,0.6963074604370761,0.16619807480406093
0.3173550181895998,0.6963074604370761,0.1661329380417697
0.3173550181895998,0.6970610399397137,0.16606942533569402
0.3175690134817034,0.6970610399397137,0.16603939529220726
0.3175690134817034,0.6978146194423511,0.16601851257737213
0.317783008773807,0.6978146194423511,0.1658247113803065
0.317783008773807,0.7008289374529013,0.16563991180436285
0.3179970040659105,0.7008289374529013,0.1655995043784165
0.3179970040659105,0.7015825169555389,0.1655731866903063
0.3201369569869463,0.7015825169555389,0.16490546970394335
0.3201369569869463,0.7023360964581763,0.16485403070333748
0.32056494757115345,0.7023360964581763,0.16466321716964014
0.32056494757115345,0.7030896759608138,0.16463010958378574
0.32142092873956774,0.7030896759608138,0.16440235826657987
0.32142092873956774,0.7038432554634514,0.16438597166878174
0.3239888722448106,0.7038432554634514,0.16375712732241318
0.3239888722448106,0.7045968349660889,0.16369996363483366
0.32441686282901777,0.7045968349660889,0.16366259175076164
0.32441686282901777,0.7053504144687265,0.16364830156964003
0.32612882516584635,0.7053504144687265,0.1627944364522816
0.32612882516584635,0.706103993971364,0.16271377925777944
0.3280547827947785,0.706103993971364,0.1623296169562187
0.3280547827947785,0.7091183119819141,0.16209758306637922
0.3282687780868821,0.7091183119819141,0.16205057120112168
0.3282687780868821,0.7098718914845517,0.16203546301196903
0.3286967686710892,0.7098718914845517,0.1619572869221159
0.3286967686710892,0.7106254709871892,0.16194383277211738
0.33126471217633213,0.7106254709871892,0.16131616471526872
0.33126471217633213,0.7113790504898266,0.16125398871809365
0.3314787074684357,0.7113790504898266,0.16122575442363934
0.3314787074684357,0.7121326299924642,0.16121025351917226
0.33233468863685,0.7121326299924642,0.16103657535107296
0.33233468863685,0.7136397889977393,0.16090137521099462
0.33511662743419646,0.7136397889977393,0.16051725516977908
0.33511662743419646,0.7143933685003768,0.16037219198580982
0.3372565803552322,0.7143933685003768,0.16005718415020884
0.3372565803552322,0.7151469480030144,0.1600458486942534
0.33747057564733574,0.7151469480030144,0.1600390416899571
0.33747057564733574,0.7166541070082894,0.15991494889805918
0.34068050502888936,0.7166541070082894,0.15938094381017232
0.34068050502888936,0.7174076865109269,0.15928523229840819
0.34132249090520006,0.7174076865109269,0.15908386502667896
0.34132249090520006,0.7181612660135644,0.1590707906353176
0.3430344532420287,0.7181612660135644,0.15862566077788576
0.3430344532420287,0.718914845516202,0.15861776974236957
0.34538840145516797,0.718914845516202,0.15822927810388568
0.34538840145516797,0.720422004521477,0.15820372694592355
0.34667237320778943,0.720422004521477,0.1579473671228429
0.34667237320778943,0.7211755840241145,0.15791887708913566
0.3488123261288252,0.7211755840241145,0.15764887228806462
0.3488123261288252,0.7219291635267521,0.15762921283240605
0.34988230258934305,0.7219291635267521,0.1574332608661202
0.34988230258934305,0.7234363225320272,0.15713985911653194
0.35138026963406804,0.7234363225320272,0.15655498444962798
0.35138026963406804,0.7249434815373021,0.15643137433849255
0.3539482131393109,0.7249434815373021,0.15593991418815034
0.3539482131393109,0.7256970610399397,0.15593960862554895
0.35459019901562167,0.7256970610399397,0.15586040107311047
0.35459019901562167,0.7264506405425772,0.15584652854494876
0.3578001283971753,0.7264506405425772,0.15513359370460497
0.3578001283971753,0.7272042200452148,0.15512345327183572
0.36036807190241815,0.7272042200452148,0.15473841824518708
0.36036807190241815,0.7279577995478523,0.1547248217267964
0.3625080248234539,0.7279577995478523,0.15413759528713275
0.3625080248234539,0.7287113790504898,0.15408916366942543
0.3633640059918682,0.7287113790504898,0.15400558921644752
0.3633640059918682,0.7294649585531273,0.15396382619547616
0.3640059918681789,0.7294649585531273,0.15389300257561203
0.3640059918681789,0.7302185380557649,0.15384519130660504
0.3695698694628718,0.7302185380557649,0.1526423850737932
0.3695698694628718,0.7309721175584024,0.15261524849485228
0.36999786004707896,0.7309721175584024,0.1525382476758645
0.36999786004707896,0.7324792765636775,0.1524927638550966
0.37042585063128614,0.7324792765636775,0.15240640422611648
0.37042585063128614,0.7332328560663149,0.1523464336847045
0.3712818317997004,0.7332328560663149,0.15226496011630147
0.3712818317997004,0.7339864355689525,0.15223462587392697
0.3723518082602183,0.7339864355689525,0.15202458420771528
0.3723518082602183,0.73474001507159,0.1520203609076636
0.37256580355232183,0.73474001507159,0.15201153935925765
0.37256580355232183,0.7354935945742276,0.1519734818052343
0.3727797988444254,0.7354935945742276,0.15192663117177568
0.3727797988444254,0.7362471740768651,0.15192374835412223
0.372993794136529,0.7362471740768651,0.1519162993896255
0.372993794136529,0.7370007535795027,0.15174350206789775
0.3734217847207361,0.7370007535795027,0.15168035130063745
0.3734217847207361,0.7377543330821401,0.15167595691825758
0.3738497753049433,0.7377543330821401,0.15164554749765255
0.3738497753049433,0.7385079125847777,0.15160901324947926
0.3747057564733576,0.7385079125847777,0.1514747854501062
0.3747057564733576,0.7392614920874152,0.15145590016259203
0.37491975176546116,0.7392614920874152,0.15145580608268594
0.37491975176546116,0.7400150715900528,0.15144018627946026
0.3762037235180826,0.7400150715900528,0.15114189558080113
0.3762037235180826,0.7407686510926903,0.15113123450562688
0.3789856623154291,0.7407686510926903,0.15073272020962578
0.3789856623154291,0.7415222305953278,0.1507167119857556
0.37984164348384336,0.7415222305953278,0.15069064229264384
0.37984164348384336,0.7422758100979653,0.15068352038184682
0.38048362936015406,0.7422758100979653,0.15044067352076804
0.38048362936015406,0.7430293896006028,0.1503775751497298
0.3817676011127755,0.7430293896006028,0.15032356061567334
0.3817676011127755,0.7437829691032404,0.15027725588674554
0.3832655681575005,0.7437829691032404,0.15004800810282715
0.3832655681575005,0.7445365486058779,0.15000523934562418
0.38412154932591486,0.7445365486058779,0.14995892728473845
0.38412154932591486,0.7452901281085155,0.14993896415540303
0.384549539910122,0.7452901281085155,0.1499038224158981
0.384549539910122,0.746043707611153,0.14987029786908368
0.38497753049432915,0.746043707611153,0.1498247427333173
0.38497753049432915,0.7467972871137905,0.14977373818281614
0.386047506954847,0.7467972871137905,0.14965758678073052
0.386047506954847,0.747550866616428,0.14964547331434563
0.3916113845495399,0.747550866616428,0.14854118428260413
0.3916113845495399,0.7483044461190655,0.1484891168954814
0.3924673657179542,0.7483044461190655,0.14837683766957455
0.3924673657179542,0.7490580256217031,0.14836062406923808
0.39460731863898996,0.7490580256217031,0.14800017536955284
0.39460731863898996,0.7498116051243406,0.1479715188308814
0.39546329980740424,0.7498116051243406,0.1478484283289802
0.39546329980740424,0.7505651846269782,0.14771043641369788
0.3971752621442328,0.7505651846269782,0.14736099119192494
0.3971752621442328,0.7513187641296156,0.14725163573497416
0.3978172480205435,0.7513187641296156,0.14708010269416977
0.3978172480205435,0.7520723436322532,0.14707644198645586
0.3980312433126471,0.7520723436322532,0.14701162480922533
0.3980312433126471,0.7535795026375283,0.14693509612596067
0.40124117269420073,0.7535795026375283,0.14643860397684913
0.40124117269420073,0.7543330821401658,0.14642182913713403
0.4014551679863043,0.7543330821401658,0.14637238777453637
0.4014551679863043,0.7550866616428034,0.14636396863311463
0.40445110207575435,0.7550866616428034,0.14594320880652514
0.40445110207575435,0.7558402411454408,0.1458642845039415
0.40552107853627223,0.7558402411454408,0.14568783725771337
0.40552107853627223,0.7565938206480783,0.1456249242588957
0.4076610314573079,0.7565938206480783,0.14540911251208616
0.4076610314573079,0.7573474001507159,0.1454013685605499
0.40937299379413655,0.7573474001507159,0.1451738903568137
0.40937299379413655,0.760361718161266,0.14511033405005475
0.41579285255724374,0.760361718161266,0.14423273326813754
0.41579285255724374,0.7611152976639035,0.14417589825602603
0.41664883372565803,0.7611152976639035,0.14402509896522103
0.41664883372565803,0.7618688771665411,0.14399793097106156
0.4181468007703831,0.7618688771665411,0.14365920318126524
0.4181468007703831,0.7626224566691786,0.1436045989932355
0.42050074898352235,0.7626224566691786,0.14335582721002305
0.42050074898352235,0.7633760361718162,0.14333391553189137
0.4224267066124545,0.7633760361718162,0.142916801850701
0.4224267066124545,0.7648831951770911,0.14288956486171484
0.4234966830729724,0.7648831951770911,0.1426328666748319
0.4234966830729724,0.7656367746797287,0.14259456543017499
0.42392467365717956,0.7656367746797287,0.1425722383588862
0.42392467365717956,0.7663903541823662,0.14255814370112105
0.42499465011769744,0.7663903541823662,0.1424079898258955
0.42499465011769744,0.7671439336850038,0.14239763585831647
0.42520864540980097,0.7671439336850038,0.1423796094212625
0.42520864540980097,0.7678975131876413,0.14232956071209812
0.42563663599400814,0.7678975131876413,0.1423275171144373
0.42606462657821526,0.7678975131876413,0.142297521187679
0.42606462657821526,0.7694046721929163,0.1421938166884776
0.42627862187031884,0.7694046721929163,0.1421728525922463
0.42627862187031884,0.7701582516955539,0.1420969775195183
0.4284185747913546,0.7701582516955539,0.14181212695797984
0.4284185747913546,0.771665410700829,0.14177512476399406
0.4348384335544618,0.771665410700829,0.14086619601862388
0.4348384335544618,0.7724189902034665,0.140841971447892
0.4369783864754975,0.7724189902034665,0.14057081274730096
0.4369783864754975,0.7739261492087415,0.14055022005060805
0.4386903488123261,0.7739261492087415,0.14045871547721825
0.4386903488123261,0.774679728711379,0.1404349420549815
0.4389043441044297,0.774679728711379,0.14043215052045033
0.4389043441044297,0.7754333082140166,0.14037968420442326
0.441258292317569,0.7754333082140166,0.13971278174525847
0.441258292317569,0.7761868877166541,0.13968654447855203
0.4419002781938797,0.7761868877166541,0.13959342776711775
0.4419002781938797,0.7769404672192917,0.13956358145656741
0.44425422640701906,0.7769404672192917,0.13924926147950892
0.44425422640701906,0.7776940467219292,0.13924456977304928
0.44446822169912265,0.7776940467219292,0.13914233649944463
0.44446822169912265,0.7784476262245666,0.13912139899677858
0.44532420286753693,0.7784476262245666,0.13907240081766561
0.44532420286753693,0.7799547852298417,0.13901989239963253
0.45067408517012625,0.7799547852298417,0.13836026549095498
0.45067408517012625,0.7807083647324793,0.1383524767984746
0.4519580569227477,0.7807083647324793,0.13824826821408828
0.4519580569227477,0.7814619442351168,0.13823266464129466
0.452814038091162,0.7814619442351168,0.13813859101986228
0.452814038091162,0.7822155237377544,0.13807696107626194
0.45324202867536917,0.7822155237377544,0.13806734611319166
0.45324202867536917,0.7829691032403918,0.13805556559634335
0.4536700192595763,0.7829691032403918,0.1379177545676755
0.4536700192595763,0.7837226827430294,0.13788856155934207
0.45580997218061203,0.7837226827430294,0.1375656545186204
0.45580997218061203,0.7852298417483045,0.1374864601369094
0.45901990156216566,0.7852298417483045,0.1368967008336351
0.45901990156216566,0.785983421250942,0.13684422109889408
0.46137384977530493,0.785983421250942,0.13660964168687353
0.46137384977530493,0.787490580256217,0.13656318864356792
0.4626578215279264,0.787490580256217,0.13642546706583134
0.4626578215279264,0.7882441597588545,0.1364111050466649
0.46586775090948,0.7882441597588545,0.13607968589031613
0.46586775090948,0.7889977392614921,0.13606518363388745
0.467365717954205,0.7889977392614921,0.13592081136206186
0.467365717954205,0.7905048982667672,0.13588834419417709
0.47014765675155146,0.7905048982667672,0.13563699341150368
0.47014765675155146,0.7912584777694047,0.13562623816519712
0.47078964262786216,0.7912584777694047,0.13547844840677126
0.47078964262786216,0.7920120572720422,0.13547132949289428
0.4716456237962765,0.7920120572720422,0.13530169299186395
0.4716456237962765,0.7927656367746797,0.13523884527313113
0.4722876096725872,0.7927656367746797,0.1351467824039513
0.4722876096725872,0.7935192162773173,0.13513457348173422
0.47464155788572654,0.7935192162773173,0.1347021854084077
0.47464155788572654,0.7942727957799548,0.13469983153002849
0.4782794778514873,0.7942727957799548,0.1343580875402359
0.4782794778514873,0.7950263752825923,0.1343489906803923
0.47934945431200515,0.7950263752825923,0.134261880247911
0.47934945431200515,0.7957799547852299,0.13413122132952116
0.480419430772523,0.7957799547852299,0.13405125464534387
0.480419430772523,0.7965335342878673,0.13405083675248053
0.48063342606462656,0.7965335342878673,0.13397065741954248
0.48063342606462656,0.7972871137905049,0.13392923267825518
0.4844853413224909,0.7972871137905049,0.1334959391231553
0.4844853413224909,0.7980406932931424,0.1334676007017581
0.48491333190669805,0.7980406932931424,0.1333875005910148
0.48491333190669805,0.79879427279578,0.13333372579368274
0.48641129895142304,0.79879427279578,0.13314788510492903
0.48641129895142304,0.7995478522984175,0.13311948208600366
0.4872672801198374,0.7995478522984175,0.13293266024452616
0.4872672801198374,0.8003014318010551,0.1329319785442222
0.49047720950139095,0.8003014318010551,0.13255562603890872
0.49047720950139095,0.80180859080633,0.13252271528316592
0.491975176546116,0.80180859080633,0.13244365169760933
0.491975176546116,0.8025621703089676,0.13243417060334797
0.4943291247592553,0.8025621703089676,0.13219719144860193
0.4943291247592553,0.8033157498116051,0.13218265237572072
0.49625508238818744,0.8033157498116051,0.13187579507560182
0.49625508238818744,0.8048229088168802,0.1318446309373968
0.4977530494329125,0.8048229088168802,0.13169168823792254
0.4977530494329125,0.8055764883195177,0.13167390393196093
0.4986090306013268,0.8055764883195177,0.13163728224806073
0.4986090306013268,0.8063300678221552,0.1316218841626315
0.5033169270276054,0.8063300678221552,0.13102696993880822
0.5033169270276054,0.8070836473247928,0.13102396865528998
0.5039589129039161,0.8070836473247928,0.13093627536933627
0.5039589129039161,0.8078372268274303,0.13092286673813225
0.5054568799486411,0.8078372268274303,0.13080479799581646
0.5054568799486411,0.8085908063300679,0.13079881622534645
0.5069548469933661,0.8085908063300679,0.13060324269279658
0.5069548469933661,0.8093443858327054,0.13057717435457353
0.5097367857907126,0.8093443858327054,0.13024084530427896
0.5097367857907126,0.8100979653353428,0.1302154937647644
0.5105927669591269,0.8100979653353428,0.1301517372546434
0.5105927669591269,0.8108515448379804,0.13011305355704955
0.512518724588059,0.8108515448379804,0.12985884435505507
0.512518724588059,0.8116051243406179,0.12985635975508966
0.5157286539696126,0.8116051243406179,0.1294750944459598
0.5157286539696126,0.8123587038432555,0.12945516884965502
0.5167986304301305,0.8123587038432555,0.12934122043963678
0.5167986304301305,0.813112283345893,0.12933584109881294
0.5185105927669591,0.813112283345893,0.1291716125597996
0.5185105927669591,0.8138658628485306,0.12916635733896425
0.5189385833511663,0.8138658628485306,0.12913914422634254
0.5189385833511663,0.814619442351168,0.12908821292784117
0.5191525786432698,0.814619442351168,0.12905717654508264
0.5191525786432698,0.8153730218538056,0.12903212961427327
0.5200085598116841,0.8153730218538056,0.1289118883089916
0.5200085598116841,0.8161266013564431,0.1288843746307598
0.5208645409800985,0.8161266013564431,0.12874528476928293
0.5208645409800985,0.8168801808590807,0.12873972572695605
0.5215065268564092,0.8168801808590807,0.1286388732852762
0.5215065268564092,0.8176337603617182,0.12861688085659145
0.5277123903274128,0.8176337603617182,0.12782304858545526
0.5277123903274128,0.8183873398643556,0.12782153625995601
0.5292103573721378,0.8183873398643556,0.12763854924040882
0.5292103573721378,0.8191409193669932,0.12762971794345174
0.5300663385405521,0.8191409193669932,0.1275408569716723
0.5300663385405521,0.8198944988696307,0.12753933521721894
0.5315643055852771,0.8198944988696307,0.1273994154525529
0.5315643055852771,0.8206480783722683,0.12736132095138342
0.5334902632142093,0.8206480783722683,0.1271405712037336
0.5334902632142093,0.8214016578749058,0.127132318629526
0.5384121549325915,0.8214016578749058,0.1264758624078396
0.5384121549325915,0.8221552373775434,0.12633329330676493
0.544190027819388,0.8221552373775434,0.12552765420306114
0.544190027819388,0.8229088168801808,0.1255206657199442
0.5446180184035951,0.8229088168801808,0.12547755426308507
0.5446180184035951,0.8236623963828184,0.12547674299917608
0.5461159854483202,0.8236623963828184,0.12536399213342192
0.5461159854483202,0.8244159758854559,0.12536027346383113
0.5478279477851488,0.8244159758854559,0.12513596155908613
0.5478279477851488,0.8251695553880934,0.1250364208586646
0.5484699336614595,0.8251695553880934,0.1250090551274175
0.5484699336614595,0.825923134890731,0.1249998342488667
0.548683928953563,0.825923134890731,0.12498916103247028
0.548683928953563,0.8266767143933685,0.12496863275655946
0.5493259148298737,0.8266767143933685,0.12485006014467927
0.5493259148298737,0.827430293896006,0.12482724428689841
0.5516798630430131,0.827430293896006,0.12455107717423154
0.5516798630430131,0.8281838733986435,0.12454325560601517
0.5521078536272201,0.8281838733986435,0.12451386982056706
0.5521078536272201,0.8289374529012811,0.12450489657124601
0.5559597688850846,0.8289374529012811,0.12422311529692073
0.5559597688850846,0.8296910324039186,0.12416685627305615
0.5595976888508453,0.8296910324039186,0.12389744257668076
0.5595976888508453,0.8304446119065562,0.12389738131179032
0.5604536700192596,0.8304446119065562,0.12383080872012377
0.5604536700192596,0.8311981914091937,0.12382961178447371
0.5640915899850203,0.8311981914091937,0.1235365867511615
0.5640915899850203,0.8319517709118311,0.12351141017729465
0.5660175476139525,0.8319517709118311,0.12336896786401669
0.5660175476139525,0.8327053504144687,0.12333798338857652
0.5683714958270918,0.8327053504144687,0.12301935800405248
0.5683714958270918,0.8334589299171062,0.12298757039010438
0.568799486411299,0.8334589299171062,0.1229431533713472
0.568799486411299,0.8342125094197438,0.12293204771321505
0.5696554675797132,0.8342125094197438,0.12285684081803591
0.5696554675797132,0.8357196684250189,0.1228149253930583
0.5707254440402311,0.8357196684250189,0.12263220969386261
0.5707254440402311,0.8364732479276563,0.12258623412908871
0.5720094157928526,0.8364732479276563,0.12249249195271099
0.5720094157928526,0.8372268274302939,0.12246810759609607
0.573293387545474,0.8372268274302939,0.122385526996441
0.573293387545474,0.8379804069329314,0.12238247356337147
0.5735073828375776,0.8379804069329314,0.12235579042273938
0.5735073828375776,0.838733986435569,0.12235008095606419
0.574791354590199,0.838733986435569,0.1222128531574797
0.574791354590199,0.8394875659382065,0.12220207713925554
0.5769313075112348,0.8394875659382065,0.12172123071736331
0.5769313075112348,0.8409947249434815,0.12163083949433498
0.5784292745559597,0.8409947249434815,0.12136067850951396
0.5784292745559597,0.841748304446119,0.12132729423118256
0.5831371709822384,0.841748304446119,0.12073057338414292
0.5831371709822384,0.8425018839487566,0.12072325777512205
0.5859191097795848,0.8425018839487566,0.12044628475914815
0.5859191097795848,0.8432554634513941,0.12029166982911761
0.5876310721164134,0.8432554634513941,0.1200803215840985
0.5876310721164134,0.8440090429540317,0.12005058182800402
0.587845067408517,0.8440090429540317,0.12003301625308833
0.587845067408517,0.8447626224566692,0.12002977915448618
0.589343034453242,0.8447626224566692,0.1199187087914369
0.589343034453242,0.8455162019593067,0.11986158049271999
0.5901990156216563,0.8455162019593067,0.11972671740671612
0.5901990156216563,0.8462697814619442,0.11972490576497671
0.5938369355874171,0.8462697814619442,0.11942739293015601
0.5938369355874171,0.8470233609645818,0.11941270557349769
0.5959768885084528,0.8470233609645818,0.11925796406625208
0.5959768885084528,0.8477769404672193,0.11925683764713045
0.5972608602610743,0.8477769404672193,0.11921088412938777
0.5972608602610743,0.8485305199698568,0.11917688032915032
0.5976888508452814,0.8485305199698568,0.11916727595234819
0.5976888508452814,0.8492840994724944,0.11913149788439727
0.5981168414294885,0.8492840994724944,0.11905322171527817
0.5981168414294885,0.8500376789751318,0.11899189619997963
0.5987588273057993,0.8500376789751318,0.11891594833698756
0.5987588273057993,0.8507912584777694,0.11891300825675204
0.59940081318211,0.8507912584777694,0.11880686773906947
0.59940081318211,0.8515448379804069,0.11879496140365194
0.6019687566873528,0.8515448379804069,0.1185172618063962
0.6019687566873528,0.8522984174830445,0.11849680249780324
0.6053926813610101,0.8522984174830445,0.11802586721562734
0.6053926813610101,0.853051996985682,0.11800851581645237
0.6062486625294243,0.853051996985682,0.11784754243508928
0.6062486625294243,0.8538055764883196,0.11784642320745355
0.606462657821528,0.8538055764883196,0.11783452756650953
0.606462657821528,0.8553127354935945,0.11777893273884295
0.6066766531136315,0.8553127354935945,0.11776220099435104
0.6066766531136315,0.8560663149962321,0.1177045432682099
0.6101005777872887,0.8560663149962321,0.1173587648735822
0.6101005777872887,0.8568198944988696,0.11728273186952502
0.610956558955703,0.8568198944988696,0.11723677225685267
0.610956558955703,0.8575734740015072,0.11720939337933302
0.6113845495399102,0.8575734740015072,0.11712051813369058
0.6113845495399102,0.8583270535041447,0.11711050653743817
0.6135245024609458,0.8583270535041447,0.11691753085802102
0.6135245024609458,0.8590806330067822,0.11689137263662026
0.6141664883372566,0.8590806330067822,0.1168412648202421
0.6141664883372566,0.8605877920120573,0.1167912658317155
0.6148084742135673,0.8605877920120573,0.11669750713830354
0.6148084742135673,0.8613413715146948,0.11667139855556713
0.6173764177188101,0.8613413715146948,0.11645445006851352
0.6173764177188101,0.8620949510173324,0.11642992041371134
0.6182323988872245,0.8620949510173324,0.11632614777290426
0.6182323988872245,0.8636021100226073,0.11621735597820353
0.6186603894714316,0.8636021100226073,0.11620796434674303
0.6186603894714316,0.8651092690278824,0.11618875758328065
0.6188743847635352,0.8651092690278824,0.11616016843225828
0.6188743847635352,0.86586284853052,0.1161323957301798
0.6197303659319495,0.86586284853052,0.11605858475126593
0.6197303659319495,0.8666164280331575,0.11604260490228492
0.6203723518082602,0.8666164280331575,0.11597663647469524
0.6203723518082602,0.8673700075357951,0.11597441733609219
0.6212283329766745,0.8673700075357951,0.11584851712088043
0.6212283329766745,0.8681235870384325,0.11581526976742404
0.6222983094371923,0.8681235870384325,0.11565356687336582
0.6222983094371923,0.8688771665410701,0.11565210507523267
0.6235822811898138,0.8688771665410701,0.11558547710580451
0.6235822811898138,0.8696307460437076,0.11556159003199219
0.6242242670661245,0.8696307460437076,0.11547183697093577
0.6242242670661245,0.8703843255463452,0.11543849865419967
0.6272202011555745,0.8703843255463452,0.11518752603358696
0.6272202011555745,0.8711379050489827,0.11512680715211121
0.6308581211213353,0.8711379050489827,0.11471767517301014
0.6308581211213353,0.8718914845516202,0.11469389281147764
0.6344960410870961,0.8718914845516202,0.1142208066472257
0.6344960410870961,0.8726450640542577,0.11421581879392947
0.6349240316713032,0.8726450640542577,0.11417118667731678
0.6349240316713032,0.8741522230595328,0.11412856220347577
0.6362080034239247,0.8741522230595328,0.11403506226431107
0.6362080034239247,0.8749058025621703,0.11400882176889601
0.6379199657607533,0.8749058025621703,0.11379811951146315
0.6379199657607533,0.8756593820648079,0.11376063880507888
0.6383479563449604,0.8756593820648079,0.11370076996580537
0.6383479563449604,0.8764129615674454,0.11369177972742565
0.6419858763107211,0.8764129615674454,0.11328602022643887
0.6419858763107211,0.8771665410700829,0.1132472215962815
0.6443398245238605,0.8771665410700829,0.113048993490371
0.6443398245238605,0.8779201205727204,0.11304032060902762
0.6458377915685855,0.8779201205727204,0.11284536042346653
0.6458377915685855,0.8786737000753579,0.11284130240102823
0.6460517868606891,0.8786737000753579,0.11283768628540918
0.6460517868606891,0.8794272795779955,0.11282437367455764
0.6518296597474855,0.8794272795779955,0.112169998306014
0.6518296597474855,0.880180859080633,0.11212445175494608
0.6524716456237962,0.880180859080633,0.11193643558873674
0.6524716456237962,0.8809344385832706,0.11192682866505448
0.6548255938369356,0.8809344385832706,0.11174871293033944
0.6548255938369356,0.881688018085908,0.11172110315770041
0.6556815750053498,0.881688018085908,0.1115909303108367
0.6556815750053498,0.8824415975885456,0.11158568513498372
0.6582495185105928,0.8824415975885456,0.11147356280631494
0.6582495185105928,0.8831951770911831,0.1114642164256588
0.6597474855553178,0.8831951770911831,0.11122201172029555
0.6597474855553178,0.8839487565938207,0.11121951349533654
0.6599614808474213,0.8839487565938207,0.1112108604273217
0.6599614808474213,0.8847023360964582,0.11116558751221135
0.6601754761395249,0.8847023360964582,0.11109956825138079
0.6601754761395249,0.8854559155990958,0.11108624660026088
0.6614594478921464,0.8854559155990958,0.1109310844557269
0.6614594478921464,0.8869630746043707,0.11089455729014565
0.6623154290605606,0.8869630746043707,0.1108613629431333
0.6623154290605606,0.8884702336096458,0.11082850302817687
0.6659533490263214,0.8884702336096458,0.11053297881123397
0.6659533490263214,0.8892238131122834,0.11042448311228308
0.6683072972394607,0.8892238131122834,0.10996798185344277
0.6683072972394607,0.8899773926149209,0.10994051587165533
0.6689492831157714,0.8899773926149209,0.10987624226125803
0.6689492831157714,0.8907309721175584,0.10987389877241933
0.6700192595762893,0.8907309721175584,0.10973203063786995
0.6700192595762893,0.892991710625471,0.10969335433231595
0.6740851701262572,0.892991710625471,0.10920950123409807
0.6740851701262572,0.8937452901281085,0.10917080020773158
0.6742991654183608,0.8937452901281085,0.10914026141047589
0.6742991654183608,0.8944988696307461,0.1091141810101754
0.6770811042157072,0.8944988696307461,0.1088285083117573
0.6770811042157072,0.8952524491333835,0.10882281680221588
0.6777230900920179,0.8952524491333835,0.10877443309761185
0.6777230900920179,0.8960060286360211,0.10877202455601305
0.6790070618446394,0.8960060286360211,0.10863711333241496
0.6790070618446394,0.8967596081386586,0.1086063293408295
0.679221057136743,0.8967596081386586,0.10851382495113787
0.679221057136743,0.8975131876412962,0.10851268271160733
0.6815750053498824,0.8975131876412962,0.10839402099217409
0.6815750053498824,0.8982667671439337,0.108365709803399
0.683714958270918,0.8982667671439337,0.10790678763839401
0.683714958270918,0.8990203466465713,0.10783732788084527
0.6873528782366788,0.8990203466465713,0.1074968216639493
0.6873528782366788,0.8997739261492087,0.10744978158056245
0.6882088594050931,0.8997739261492087,0.10737468937464478
0.6882088594050931,0.9005275056518462,0.10732871728725184
0.6890648405735074,0.9005275056518462,0.10722377061489866
0.6890648405735074,0.9012810851544838,0.10722123973168325
0.692274769955061,0.9012810851544838,0.1067883924377837
0.692274769955061,0.9020346646571213,0.10678098898845559
0.6931307511234753,0.9020346646571213,0.10664766086018856
0.6931307511234753,0.9027882441597589,0.1066266676478934
0.695270704044511,0.9027882441597589,0.10641904868672053
0.695270704044511,0.9035418236623964,0.10641752704212983
0.696768671089236,0.9035418236623964,0.10620155315838145
0.696768671089236,0.9042954031650339,0.10614877161188666
0.6969826663813397,0.9042954031650339,0.1060715469760646
0.6969826663813397,0.9050489826676714,0.10605277807340793
0.6971966616734432,0.9050489826676714,0.10605193095062056
0.6971966616734432,0.9065561416729465,0.10597892959898787
0.6997646051786861,0.9065561416729465,0.10570311041004668
0.6997646051786861,0.9073097211755841,0.10566592459210923
0.7004065910549968,0.9073097211755841,0.10553351850522195
0.7004065910549968,0.9080633006782216,0.10553177803891012
0.701262572223411,0.9080633006782216,0.10541736354132684
0.701262572223411,0.908816880180859,0.10541483349270876
0.7031885298523433,0.908816880180859,0.10510243310293928
0.7031885298523433,0.9095704596834966,0.10501807352301731
0.7046864968970683,0.9095704596834966,0.10477164400766735
0.7046864968970683,0.9103240391861341,0.10476272594365174
0.7057564733575862,0.9103240391861341,0.10466573001474395
0.7057564733575862,0.9110776186887717,0.10465392937190847
0.7066124545260004,0.9110776186887717,0.10460960662215835
0.7066124545260004,0.9125847776940467,0.10457558986953049
0.7091803980312433,0.9125847776940467,0.10425849477406315
0.7091803980312433,0.9133383571966842,0.10423179516154767
0.7117483415364863,0.9133383571966842,0.10408678496835272
0.7117483415364863,0.9140919366993218,0.10408431646764256
0.7126043227049005,0.9140919366993218,0.10396091568422967
0.7126043227049005,0.9148455162019593,0.10393564742914908
0.7134603038733148,0.9148455162019593,0.10382591107950483
0.7134603038733148,0.9155990957045969,0.10382331269912012
0.7158142520864541,0.9155990957045969,0.10352381332819327
0.7158142520864541,0.9163526752072344,0.10346972666960996
0.7170982238390755,0.9163526752072344,0.10337039617093698
0.7170982238390755,0.9171062547098718,0.10329331711106687
0.7267280119837364,0.9171062547098718,0.10181207229191475
0.7267280119837364,0.9178598342125094,0.10177284750653456
0.7275839931521506,0.9178598342125094,0.10156281429309726
0.7275839931521506,0.9186134137151469,0.10155184966206246
0.7290819601968757,0.9186134137151469,0.10129514914311095
0.7290819601968757,0.920120572720422,0.10127477867664872
0.72993794136529,0.920120572720422,0.1012173317088977
0.72993794136529,0.9208741522230596,0.10116096839652453
0.7310079178258079,0.9208741522230596,0.10109341622276986
0.7310079178258079,0.921627731725697,0.10108424212930238
0.73293387545474,0.921627731725697,0.10073758206328808
0.73293387545474,0.9223813112283346,0.10070411011770747
0.7365717954205008,0.9223813112283346,0.100459859216499
0.7365717954205008,0.9238884702336096,0.10042790479927292
0.7457735929809545,0.9238884702336096,0.09917737080133304
0.7457735929809545,0.9246420497362472,0.09917361839064766
0.7496255082388188,0.9246420497362472,0.0986935051285148
0.7496255082388188,0.9261492087415222,0.09867787768106259
0.7502674941151295,0.9261492087415222,0.09863394770033455
0.7502674941151295,0.9269027882441597,0.09861472795283593
0.7526214423282688,0.9269027882441597,0.09832032582698307
0.7526214423282688,0.9276563677467973,0.09831733834730366
0.7569013481703403,0.9276563677467973,0.0978637561591119
0.7569013481703403,0.9291635267520724,0.09782023769496419
0.7611812540124118,0.9291635267520724,0.09731762153862562
0.7611812540124118,0.9306706857573473,0.0973022433372961
0.7628932163492403,0.9306706857573473,0.0969411003098126
0.7628932163492403,0.9314242652599849,0.09692767629245466
0.7633212069334475,0.9314242652599849,0.09684344419669948
0.7633212069334475,0.9321778447626224,0.09683234783029494
0.763535202225551,0.9321778447626224,0.0968145031935391
0.763535202225551,0.93293142426526,0.09679941994611552
0.7725230044939011,0.93293142426526,0.09544328207400116
0.7725230044939011,0.9336850037678975,0.0954370846002134
0.7763749197517654,0.9336850037678975,0.09503562705348402
0.7763749197517654,0.9344385832705351,0.09502740306494172
0.7770169056280762,0.9344385832705351,0.09492888525114324
0.7770169056280762,0.9351921627731725,0.09489264181324407
0.7802268350096297,0.9351921627731725,0.09454466204761346
0.7802268350096297,0.9366993217784476,0.09440652107902962
0.7864326984806335,0.9366993217784476,0.09368147395301633
0.7864326984806335,0.9374529012810852,0.09363049326728501
0.7883586561095656,0.9374529012810852,0.09336313551991093
0.7883586561095656,0.9382064807837227,0.09335213117999103
0.7885726514016692,0.9382064807837227,0.09334559118126337
0.7885726514016692,0.9389600602863603,0.09321174869854373
0.7890006419858763,0.9389600602863603,0.09318097630299996
0.7890006419858763,0.9397136397889977,0.09316661571844333
0.7915685854911192,0.9397136397889977,0.09270288505260083
0.7915685854911192,0.9404672192916352,0.09269702416519067
0.7934945431200514,0.9404672192916352,0.09247341579792713
0.7934945431200514,0.9412207987942728,0.0924501321937066
0.7945645195805692,0.9412207987942728,0.09231388041623526
0.7945645195805692,0.9419743782969103,0.09231344615523289
0.7984164348384336,0.9419743782969103,0.09180806712946966
0.7984164348384336,0.9427279577995479,0.09178590705214004
0.799700406591055,0.9427279577995479,0.09171633829768865
0.799700406591055,0.9434815373021854,0.09167716725834803
0.8091161994436122,0.9434815373021854,0.09074756637742289
0.8091161994436122,0.9442351168048229,0.09070925239456834
0.8101861759041301,0.9442351168048229,0.09058891747797897
0.8101861759041301,0.945742275810098,0.09054757764341434
0.8116841429488552,0.945742275810098,0.09025038782985974
0.8116841429488552,0.9464958553127355,0.09011719619126979
0.8146800770383051,0.9464958553127355,0.08980974017329883
0.8146800770383051,0.947249434815373,0.08980580555824576
0.8153220629146158,0.947249434815373,0.08964094573394545
0.8153220629146158,0.9480030143180106,0.08963504934187526
0.8159640487909267,0.9480030143180106,0.08947820165793213
0.8159640487909267,0.948756593820648,0.0894432340527022
0.8170340252514444,0.948756593820648,0.08928033840277823
0.8170340252514444,0.9495101733232856,0.0892664912782114
0.8176760111277552,0.9495101733232856,0.08919924891334491
0.8176760111277552,0.9502637528259231,0.08919396831880681
0.8191739781724802,0.9502637528259231,0.08899180906000638
0.8191739781724802,0.9517709118311982,0.08887306878146792
0.8266638133961053,0.9517709118311982,0.08802386324388911
0.8266638133961053,0.9532780708364732,0.08797231270792374
0.8309437192381768,0.9532780708364732,0.08756302575377047
0.8309437192381768,0.9540316503391107,0.08756018368627727
0.8324416862829018,0.9540316503391107,0.08730733844748544
0.8324416862829018,0.9547852298417483,0.08726896744357926
0.8345816392039375,0.9547852298417483,0.08704647369581227
0.8345816392039375,0.9555388093443858,0.08704596481287058
0.8371495827091804,0.9555388093443858,0.08666775857119816
0.8371495827091804,0.9562923888470234,0.08665785124967781
0.8386475497539054,0.9562923888470234,0.0865588501972088
0.8386475497539054,0.9570459683496609,0.08652239771175911
0.838861545046009,0.9570459683496609,0.0864175852479199
0.838861545046009,0.9577995478522984,0.08638668557161466
0.840359512090734,0.9577995478522984,0.0860192418040369
0.840359512090734,0.9585531273549359,0.08601377450473914
0.8444254226407019,0.9585531273549359,0.08546188675420228
0.8444254226407019,0.9593067068575735,0.08539189842187841
0.8459233896854269,0.9593067068575735,0.0852005195199948
0.8459233896854269,0.960060286360211,0.08512132227298486
0.8461373849775305,0.960060286360211,0.08511239035833502
0.8461373849775305,0.9608138658628486,0.08508670763332532
0.8502032955274984,0.9608138658628486,0.08457006570946965
0.8502032955274984,0.9615674453654861,0.08447893702631917
0.8504172908196019,0.9615674453654861,0.08444097700135508
0.8504172908196019,0.9623210248681235,0.08442908780369182
0.8542692060774663,0.9623210248681235,0.08367052555155062
0.8542692060774663,0.9638281838733986,0.08355473844955638
0.8555531778300878,0.9638281838733986,0.0833611704169776
0.8555531778300878,0.9645817633760362,0.08334726815664278
0.8557671731221913,0.9645817633760362,0.08333294304864565
0.8557671731221913,0.9653353428786737,0.08333192881043767
0.8583351166274342,0.9653353428786737,0.08296501577179692
0.8583351166274342,0.9660889223813113,0.08296023250902675
0.8632570083458164,0.9660889223813113,0.08217680823788093
0.8632570083458164,0.9668425018839487,0.08212073974999907
0.8651829659747485,0.9668425018839487,0.08200094352761825
0.8651829659747485,0.9675960813865863,0.0819797234204738
0.8675369141878879,0.9675960813865863,0.08142375919819864
0.8675369141878879,0.9683496608892238,0.08139457737951802
0.8745987588273058,0.9683496608892238,0.0803858119012889
0.8745987588273058,0.9691032403918614,0.08037355542647504
0.8756687352878236,0.9691032403918614,0.0803271622086415
0.8756687352878236,0.9698568198944989,0.08024532044507524
0.8790926599614809,0.9698568198944989,0.07979673616103786
0.8790926599614809,0.9706103993971364,0.0797681542143885
0.8797346458377916,0.9706103993971364,0.07967225692792503
0.8797346458377916,0.9713639788997739,0.07965094244524183
0.8827305799272416,0.9713639788997739,0.07919936230078874
0.8827305799272416,0.9721175584024114,0.07914435521939005
0.8838005563877595,0.9721175584024114,0.07900422819011647
0.8838005563877595,0.972871137905049,0.07900262512590914
0.8974962550823882,0.972871137905049,0.07691040228868502
0.8974962550823882,0.9736247174076865,0.0768181390863816
0.8987802268350096,0.9736247174076865,0.07662230152590649
0.8987802268350096,0.9743782969103241,0.0766122044864015
0.8994222127113204,0.9743782969103241,0.0765517763211813
0.8994222127113204,0.975885455915599,0.07653167373633193
0.8998502032955275,0.975885455915599,0.07643909286817503
0.8998502032955275,0.9773926149208741,0.07637087529064245
0.9009201797560453,0.9773926149208741,0.07629900809620355
0.9009201797560453,0.9781461944235117,0.07623878585225609
0.9013481703402525,0.9781461944235117,0.07620552356342832
0.9013481703402525,0.9788997739261492,0.07619477106110496
0.9079820243954633,0.9788997739261492,0.07539793001079072
0.9079820243954633,0.9804069329314242,0.07519644868930099
0.9088380055638776,0.9804069329314242,0.07499263836671514
0.9088380055638776,0.9811605124340618,0.07492060193183359
0.9152578643269849,0.9811605124340618,0.07395107241058074
0.9152578643269849,0.9819140919366993,0.07388676563092146
0.9163278407875026,0.9819140919366993,0.07366068293500158
0.9163278407875026,0.9826676714393369,0.0736542121829159
0.920179756045367,0.9826676714393369,0.07298047467540612
0.920179756045367,0.9834212509419744,0.07296492741671351
0.9223197089664027,0.9834212509419744,0.07259063603531817
0.9223197089664027,0.984174830444612,0.0725698018623013
0.9240316713032314,0.984174830444612,0.07235449575204439
0.9240316713032314,0.9849284099472494,0.07234140876576134
0.9244596618874384,0.9849284099472494,0.07230727029989906
0.9244596618874384,0.9856819894498869,0.07228503173693841
0.9251016477637491,0.9856819894498869,0.07203657989159881
0.9251016477637491,0.9864355689525245,0.07202821118631761
0.92574363364006,0.9864355689525245,0.07185201445078748
0.92574363364006,0.987189148455162,0.07181980266471368
0.9330194735715814,0.987189148455162,0.07040817700633742
0.9330194735715814,0.9879427279577996,0.07037289391934436
0.93473143590841,0.9879427279577996,0.07015564865944365
0.93473143590841,0.9886963074604371,0.07014951384091983
0.9364433982452386,0.9886963074604371,0.06977679678618066
0.9364433982452386,0.9894498869630746,0.06973785523256626
0.9372993794136529,0.9894498869630746,0.06949976517433569
0.9372993794136529,0.9909570459683497,0.06939535854781015
0.9520650545687995,0.9909570459683497,0.06647611402109997
0.9520650545687995,0.9917106254709872,0.06643179530797143
0.9546329980740423,0.9917106254709872,0.06557633954530868
0.9546329980740423,0.9924642049736248,0.06550224023088834
0.9550609886582495,0.9924642049736248,0.06539003290610261
0.9550609886582495,0.9932177844762623,0.06533595091146162
0.9561309651187674,0.9932177844762623,0.06518215300630355
0.9561309651187674,0.9939713639788997,0.06515090198517072
0.9619088380055639,0.9939713639788997,0.06325117942723654
0.9619088380055639,0.9954785229841748,0.06313388095823608
0.9845923389685427,0.9954785229841748,0.055179898141022754
0.9845923389685427,0.9962321024868124,0.05498278065194771
0.9858763107211641,0.9962321024868124,0.054719615433652245
0.9858763107211641,0.9969856819894499,0.05455080383329993
0.9871602824737856,0.9969856819894499,0.05346039415181343
0.9871602824737856,0.9977392614920875,0.05345316060624162
0.9873742777658892,0.9977392614920875,0.05343955631678429
0.9873742777658892,0.9984928409947249,0.05323938935168467
0.9878022683500963,0.9984928409947249,0.05317169883813505
0.9878022683500963,0.9992464204973625,0.05315080317461341
0.9927241600684785,0.9992464204973625,0.049302581003527454
0.9927241600684785,1.0,0.04920386004406607
1.0,1.0,0.0324514003670131
